"Year","Chapter","IsChp","Article","Art","FS27X1","FS27X2","FS27X3","FS27X4","FS27X5","FS27X6","FS27X7","FS27X8"
2023,"I",TRUE,"Кримінальні правопорушення проти основ національної безпеки України (р. І Кримінального кодексу України )",NA,0,0,0,0,0,0,0,0
2023,"I",FALSE,"Дії, спрямовані на насильницьку зміну чи повалення конституційного ладу або на захоплення державної влади, ст. 109","109",0,0,0,0,0,0,0,0
2023,"I",FALSE,"Посягання на територіальну цілісність і недоторканість України, ст. 110","110",0,0,0,0,0,0,0,0
2023,"I",FALSE,"Фінансування дій, вчинених з метою насильницької зміни чи повалення конституційного ладу або захоплення державної влади, зміни меж території або державного кордону України, ст. 110-2","110-2",0,0,0,0,0,0,0,0
2023,"I",FALSE,"Державна зрада, ст. 111","111",0,0,0,0,0,0,0,0
2023,"I",FALSE,"Колабораційна діяльність, ст.111-1","111-1",0,0,0,0,0,0,0,0
2023,"I",FALSE,"Пособництво державі-агресору, ст.111-2","111-2",0,0,0,0,0,0,0,0
2023,"I",FALSE,"Посягання на життя державного чи громадського діяча, ст. 112","112",0,0,0,0,0,0,0,0
2023,"I",FALSE,"Диверсія, ст. 113","113",0,0,0,0,0,0,0,0
2023,"I",FALSE,"Шпигунство, ст. 114","114",0,0,0,0,0,0,0,0
2023,"I",FALSE,"Перешкоджання законній діяльності Збройних Сил України та інших військових формувань, ст. 114-1","114-1",0,0,0,0,0,0,0,0
2023,"I",FALSE,"Несанкціоноване поширення інформації про направлення, переміщення зброї, озброєння та бойових припасів в Україну, рух, переміщення або розміщення Збройних Сил України чи інших утворених відповідно до законів України військових формувань, вчинене в умовах воєнного або надзвичайного стану, ст.114-2","114-2",0,0,0,0,0,0,0,0
2023,"II",TRUE,"Кримінальні правопорушення проти життя та здоров'я особи (р. ІІ Кримінального кодексу України )",NA,0,0,0,0,0,0,0,0
2023,"II",FALSE,"Умисне вбивство, ст. 115","115",0,0,0,0,0,0,0,0
2023,"II",FALSE,"Умисне вбивство при перевищенні меж необхідної оборони або у разі перевищення заходів, необхідних для затримання злочинця, ст. 118","118",0,0,0,0,0,0,0,0
2023,"II",FALSE,"Умисне тяжке тілесне ушкодження, ст. 121","121",0,0,0,0,0,0,0,0
2023,"II",FALSE,"Умисне середньої тяжкості тілесне ушкодження, ст. 122","122",0,0,0,0,0,0,0,0
2023,"II",FALSE,"Домашнє насильство, ст. 126-1","126-1",0,0,0,0,0,0,0,0
2023,"III",TRUE,"Кримінальні правопорушення проти волі, честі та гідності особи (р. IІІ Кримінального кодексу України )",NA,0,0,0,0,0,0,0,0
2023,"III",FALSE,"Незаконне позбавлення волі або викрадення людини, ст. 146","146",0,0,0,0,0,0,0,0
2023,"III",FALSE,"Насильницьке зникнення, ст. 146-1","146-1",0,0,0,0,0,0,0,0
2023,"III",FALSE,"Захоплення заручників, ст. 147","147",0,0,0,0,0,0,0,0
2023,"III",FALSE,"Торгівля людьми, ст. 149","149",0,0,0,0,0,0,0,0
2023,"IV",TRUE,"Кримінальні правопорушення проти статевої свободи та статевої недоторканості особи (р. IV Кримінального кодексу України )",NA,0,0,0,0,0,0,0,0
2023,"IV",FALSE,"Згвалтування, ст. 152","152",0,0,0,0,0,0,0,0
2023,"IV",FALSE,"Сексуальне насильство, ст. 153","153",0,0,0,0,0,0,0,0
2023,"IV",FALSE,"Розбещення неповнолітніх, ст. 156","156",0,0,0,0,0,0,0,0
2023,"V",TRUE,"Кримінальні правопорушення проти виборчих, трудових та інших особистих прав і свобод людини  і громадянина (р. V Кримінального кодексу України )",NA,0,0,0,0,0,0,0,0
2023,"V",FALSE,"Порушення рівноправності громадян залежно від їх расової, національної, регіональної належності, релігійних переконань, інвалідності та за іншими ознаками, ст. 161","161",0,0,0,0,0,0,0,0
2023,"V",FALSE,"Ухилення від сплати аліментів на утримання дітей, ст. 164*","164",0,0,0,0,0,0,0,0
2023,"V",FALSE,"Перешкоджання законній професійній діяльності журналістів, ст. 171*","171",0,0,0,0,0,0,0,0
2023,"V",FALSE,"Невиплата заробітної плати, стипендії, пенсії чи інших установлених  законом виплат, ст. 175","175",0,0,0,0,0,0,0,0
2023,"V",FALSE,"Порушення авторського права і суміжних прав, ст. 176","176",0,0,0,0,0,0,0,0
2023,"V",FALSE,"Порушення прав на винахід, корисну модель, промисловий зразок, топографію інтегральной мікросхеми, сорт рослин, раціоналізаторську пропозицію, ст. 177","177",0,0,0,0,0,0,0,0
2023,"VI",TRUE,"Кримінальні правопорушення проти власності (р. VІ Кримінального кодексу  України )",NA,0,0,0,0,0,0,0,0
2023,"VI",FALSE,"Крадіжка, ст. 185","185",0,0,0,0,0,0,0,0
2023,"VI",FALSE,"Грабіж, ст. 186","186",0,0,0,0,0,0,0,0
2023,"VI",FALSE,"Розбій, ст. 187","187",0,0,0,0,0,0,0,0
2023,"VI",FALSE,"Вимагання, ст. 189","189",0,0,0,0,0,0,0,0
2023,"VI",FALSE,"Шахрайство, ст. 190","190",0,0,0,0,0,0,0,0
2023,"VI",FALSE,"Привласнення, розтрата майна або заволодіння ним шляхом зловживання службовим становищем, ст. 191","191",0,0,0,0,0,0,0,0
2023,"VI",FALSE,"Умисне знищення або пошкодження майна, ст. 194","194",0,0,0,0,0,0,0,0
2023,"VI",FALSE,"Самовільне зайняття земельної ділянки та самовільне будівництво, ст. 197-1","197-1",0,0,0,0,0,0,0,0
2023,"VII",TRUE,"Кримінальні правопорушення у сфері господарської діяльності (р. VІІ Кримінального кодексу України )",NA,0,0,0,0,0,0,0,0
2023,"VII",FALSE,"Виготовлення, зберігання, придбання, перевезення, пересилання, ввезення в Україну з метою використання при продажу товарів, збуту або збут підроблених грошей, державних цінних паперів, що існують у паперовій формі, білетів державної лотереї, марок акцизного податку чи голографічних захисних елементів, ст.199","199",0,0,0,0,0,0,0,0
2023,"VII",FALSE,"Незаконні дії з документами на переказ, платіжними картками та іншими засобами доступу до банківських рахунків, електронними грошима, обладнанням для їх виготовлення, ст. 200","200",0,0,0,0,0,0,0,0
2023,"VII",FALSE,"Незаконне використання з метою отримання прибутку гуманітарної допомоги, благодійних пожертв або безоплатної допомоги, ст.201-2","201-2",0,0,0,0,0,0,0,0
2023,"VII",FALSE,"Незаконна діяльність з організації або проведення азартних ігор, лотерей, ст. 203-2","203-2",0,0,0,0,0,0,0,0
2023,"VII",FALSE,"Незаконне виготовлення, зберігання, збут або транспортування з метою збуту підакцизних  товарів, ст. 204","204",0,0,0,0,0,0,0,0
2023,"VII",FALSE,"Підроблення документів, які подаються для проведення державної реєстрації юридичної особи та фізичних осіб-підприємців, ст. 205-1","205-1",0,0,0,0,0,0,0,0
2023,"VII",FALSE,"Протиправне заволодіння майном підприємства, установи, організації, ст. 206-2","206-2",0,0,0,0,0,0,0,0
2023,"VII",FALSE,"Легалізація (відмивання) майна, одержаного злочинним шляхом, ст. 209","209",0,0,0,0,0,0,0,0
2023,"VII",FALSE,"Нецільове використання бюджетних коштів, здійснення видатків бюджету чи надання кредитів з бюджету без встановлених бюджетних призначень або з їх перевищенням, ст. 210","210",0,0,0,0,0,0,0,0
2023,"VII",FALSE,"Видання нормативно-правових актів, що зменшують надходження бюджету або збільшують витрати бюджету всупереч закону, ст. 211","211",0,0,0,0,0,0,0,0
2023,"VII",FALSE,"Ухилення від сплати податків, зборів (обов'язкових платежів), ст. 212","212",0,0,0,0,0,0,0,0
2023,"VII",FALSE,"Порушення порядку здійснення заготівлі металобрухту та операцій з металобрухтом, ст.213","213",0,0,0,0,0,0,0,0
2023,"VII",FALSE,"Доведення банку до неплатоспроможності, ст. 218-1","218-1",0,0,0,0,0,0,0,0
2023,"VII",FALSE,"Порушення порядку ведення бази даних про вкладників або порядку формування звітності, ст. 220-1","220-1",0,0,0,0,0,0,0,0
2023,"VII",FALSE,"Фальсифікація фінансових документів та звітності фінансової організації, приховування неплатоспроможності фінансової установи або підстав для відкликання (анулювання) ліцензії фінансової установи, ст. 220-2","220-2",0,0,0,0,0,0,0,0
2023,"VII",FALSE,"Шахрайство з фінансовими ресурсами, ст. 222","222",0,0,0,0,0,0,0,0
2023,"VII",FALSE,"Підроблення документів, які подаються для реєстрації випуску цінних паперів, ст. 223-1","223-1",0,0,0,0,0,0,0,0
2023,"VII",FALSE,"Незаконна приватизація державного, комунального майна, ст. 233","233",0,0,0,0,0,0,0,0
2023,"VIII",TRUE,"Кримінальні правопорушення проти довкілля (р. VІІІ Кримінального кодексу України )",NA,0,0,0,0,0,0,0,0
2023,"VIII",FALSE,"Порушення правил охорони або використання надр, незаконне видобування корисних копалин, ст. 240*","240",0,0,0,0,0,0,0,0
2023,"VIII",FALSE,"Незаконна порубка або незаконне перевезення, зберігання, збут лісу, ст. 246","246",0,0,0,0,0,0,0,0
2023,"IX",TRUE,"Кримінальні правопорушення проти громадської безпеки (р. IX Кримінального кодексу України )",NA,0,0,0,0,0,0,0,0
2023,"IX",FALSE,"Створення злочинної організації, ст. 255","255",0,0,0,0,0,0,0,0
2023,"IX",FALSE,"Сприяння учасникам злочинних організацій та укриття їх злочинної  діяльності, ст. 256","256",0,0,0,0,0,0,0,0
2023,"IX",FALSE,"Бандитизм, ст. 257","257",0,0,0,0,0,0,0,0
2023,"IX",FALSE,"Терористичний акт, ст. 258","258",0,0,0,0,0,0,0,0
2023,"IX",FALSE,"Втягнення у вчинення терористичного акту, ст. 258-1","258-1",0,0,0,0,0,0,0,0
2023,"IX",FALSE,"Публічні заклики до вчинення терористичного акту, ст. 258-2","258-2",0,0,0,0,0,0,0,0
2023,"IX",FALSE,"Створення терористичної групи чи терористичної організації, ст. 258-3","258-3",0,0,0,0,0,0,0,0
2023,"IX",FALSE,"Сприяння вчиненню терористичного акту, проходження навчання тероризму, ст. 258-4","258-4",0,0,0,0,0,0,0,0
2023,"IX",FALSE,"Фінансування тероризму, ст. 258-5","258-5",0,0,0,0,0,0,0,0
2023,"IX",FALSE,"Перетинання державного кордону України з терористичною метою, ст. 258-6","258-6",0,0,0,0,0,0,0,0
2023,"IX",FALSE,"Завідомо неправдиве повідомлення про загрозу безпеці громадян, знищення чи пошкодження об’єктів  власності, ст. 259","259",0,0,0,0,0,0,0,0
2023,"IX",FALSE,"Створення не передбачених законом воєнізованих або збройних формувань, ст. 260","260",0,0,0,0,0,0,0,0
2023,"IX",FALSE,"Викрадення, привласнення, вимагання вогнепальної зброї, бойових припасів, вибухових речовин чи радіоактивних матеріалів або заволодіння ними шляхом шахрайства або зловживанням службовим становищем, ст. 262","262",0,0,0,0,0,0,0,0
2023,"IX",FALSE,"Незаконне поводження зі зброєю, бойовими припасами або вибуховими  речовинами, ст. 263","263",0,0,0,0,0,0,0,0
2023,"IX",FALSE,"Незаконне виготовлення, переробка чи ремонт вогнепальної зброї або фальсифікація, незаконне видалення чи зміна її маркування, або незаконне виготовлення бойових припасів, вибухових речовин чи вибухових  пристроїв, ст. 263-1","263-1",0,0,0,0,0,0,0,0
2023,"IX",FALSE,"Недбале зберігання вогнепальної зброї або бойових припасів, ст. 264","264",0,0,0,0,0,0,0,0
2023,"IX",FALSE,"Незаконне поводження з радіоактивними матеріалами, ст. 265","265",0,0,0,0,0,0,0,0
2023,"IX",FALSE,"Порушення правил поводження з вибуховими, легкозаймистими та їдкими речовинами або радіоактивними матеріалами, ст. 267","267",0,0,0,0,0,0,0,0
2023,"X",TRUE,"Кримінальні правопорушення проти безпеки виробництва (р. X Кримінального кодексу України )",NA,0,0,0,0,0,0,0,0
2023,"XI",TRUE,"Кримінальні правопорушення проти безпеки руху та експлуатації транспорту  (р. XІ Кримінального кодексу України )",NA,0,0,0,0,0,0,0,0
2023,"XI",FALSE,"Порушення правил безпеки руху або експлуатації залізничного, водного чи повітряного транспорту, ст. 276","276",0,0,0,0,0,0,0,0
2023,"XI",FALSE,"Порушення правил безпеки дорожнього  руху або експлуатації транспорту особами,  які керують транспортними засобами, ст. 286","286",0,0,0,0,0,0,0,0
2023,"XI",FALSE,"Незаконне заволодіння транспортним засобом, ст. 289","289",0,0,0,0,0,0,0,0
2023,"XI",FALSE,"Знищення, підробка або заміна номерів вузлів та агрегатів транспортного  засобу, ст. 290*","290",0,0,0,0,0,0,0,0
2023,"XII",TRUE,"Кримінальні правопорушення проти громадського порядку та моральності  (р. XІІ Кримінального кодексу України )",NA,0,0,0,0,0,0,0,0
2023,"XII",FALSE,"Хуліганство, ст. 296","296",0,0,0,0,0,0,0,0
2023,"XII",FALSE,"Наруга над могилою, іншим місцем поховання або над тілом померлого,  ст. 297","297",0,0,0,0,0,0,0,0
2023,"XII",FALSE,"Жорстоке поводження з тваринами, ст. 299","299",0,0,0,0,0,0,0,0
2023,"XII",FALSE,"Ввезення, виготовлення, збут і розповсюдження порнографічних предметів,  ст. 301","301",0,0,0,0,0,0,0,0
2023,"XII",FALSE,"Створення або утримання місць розпусти і звідництво, ст. 302","302",0,0,0,0,0,0,0,0
2023,"XII",FALSE,"Сутенерство або втягнення особи в заняття проституцією, ст. 303","303",0,0,0,0,0,0,0,0
2023,"XII",FALSE,"Втягнення неповнолітніх у протиправну діяльність, ст. 304","304",0,0,0,0,0,0,0,0
2023,"XIII",TRUE,"Кримінальні правопорушення у сфері обігу наркотичних засобів, психотропних речовин, їх аналогів або прекурсорів та інші кримінальні правопорушення проти здоров'я населення (р. XІІІ Кримінального кодексу України )",NA,0,0,0,0,0,0,0,0
2023,"XIII",FALSE,"Контрабанда наркотичних засобів, психотропних речовин, їх аналогів чи прекурсорів або фальсифікованих лікарських засобів, ст. 305","305",0,0,0,0,0,0,0,0
2023,"XIII",FALSE,"Використання коштів, здобутих від незаконного обігу наркотичних засобів, психотропних речовин, їх аналогів, прекурсорів, отруйних чи сильнодіючих речовин або отруйних чи сильнодіючих лікарських засобів, ст. 306","306",0,0,0,0,0,0,0,0
2023,"XIII",FALSE,"Незаконне виробництво, виготовлення, придбання, зберігання, перевезення, пересилання чи збут наркотичних засобів, психотропних речовин або  їх аналогів, ст. 307","307",0,0,0,0,0,0,0,0
2023,"XIII",FALSE,"Викрадення, привласнення, вимагання наркотичних засобів, психотропних речовин або їх аналогів чи заволодіння ними шляхом шахрайства або зловживання службовим становищем, ст. 308","308",0,0,0,0,0,0,0,0
2023,"XIII",FALSE,"Незаконне виробництво, виготовлення, придбання, зберігання, перевезення чи пересилання наркотичних засобів, психотропних речовин або їх аналогів  без мети збуту, ст. 309","309",0,0,0,0,0,0,0,0
2023,"XIII",FALSE,"Посів або вирощування снотворного маку чи конопель ст. 310","310",0,0,0,0,0,0,0,0
2023,"XIII",FALSE,"Незаконне виробництво, виготовлення, придбання, зберігання, перевезення чи пересилання прекурсорів, ст. 311","311",0,0,0,0,0,0,0,0
2023,"XIII",FALSE,"Викрадення, привласнення, вимагання прекурсорів або заволодіння ними шляхом шахрайства або зловживання службовим становищем, ст. 312","312",0,0,0,0,0,0,0,0
2023,"XIII",FALSE,"Викрадення, привласнення, вимагання обладнання, призначеного для  виготовлення наркотичних засобів, психотропних речовин, або їх аналогів чи заволодіння ним шляхом шахрайства або зловживання службовим становищем та інші незаконні дії з таким обладнанням, ст. 313","313",0,0,0,0,0,0,0,0
2023,"XIII",FALSE,"Незаконне введення в організм наркотичних засобів,  психотропних речовин або їх аналогів, ст. 314","314",0,0,0,0,0,0,0,0
2023,"XIII",FALSE,"Схиляння до вживання наркотичних засобів,  психотропних речовин або їх аналогів, ст. 315","315",0,0,0,0,0,0,0,0
2023,"XIII",FALSE,"Незаконне публічне вживання наркотичних засобів, ст. 316","316",0,0,0,0,0,0,0,0
2023,"XIII",FALSE,"Організація або утримання місць для незаконного вживання, виробництва чи виготовлення наркотичних засобів, психотропних речовин або їх аналогів,  ст. 317","317",0,0,0,0,0,0,0,0
2023,"XIII",FALSE,"Незаконне виготовлення, підроблення, використання чи збут підроблених документів на отримання наркотичних засобів, психотропних речовин або прекурсорів, ст. 318","318",0,0,0,0,0,0,0,0
2023,"XIII",FALSE,"Незаконна видача рецепта на право придбання наркотичних засобів або психотропних речовин, ст. 319","319",0,0,0,0,0,0,0,0
2023,"XIII",FALSE,"Порушення встановлених правил обігу наркотичних засобів, психотропних речовин, їх аналогів  або прекурсорі, ст. 320","320",0,0,0,0,0,0,0,0
2023,"XIII",FALSE,"Незаконне виробництво, виготовлення, придбання, перевезення, пересилання, зберігання з метою збуту або збут отруйних чи сильнодіючих речовин або отруйних чи сильнодіючих лікарських засобів, ст. 321","321",0,0,0,0,0,0,0,0
2023,"XIII",FALSE,"Незаконна організація або утримання місць для вживання одурманюючих засобів, ст. 322","322",0,0,0,0,0,0,0,0
2023,"XIII",FALSE,"Спонукання неповнолітніх до застосування допінгу, ст. 323","323",0,0,0,0,0,0,0,0
2023,"XIII",FALSE,"Схиляння неповнолітніх до вживання одурманюючих засобів, ст. 324","324",0,0,0,0,0,0,0,0
2023,"XIV",TRUE,"Кримінальні правопорушення у сфері охорони державної таємниці, недоторканності державних кордонів, забезпечення призову та мобілізації (р. XІV Кримінального кодексу України )",NA,0,0,0,0,0,0,0,0
2023,"XIV",FALSE,"Незаконне переправлення осіб через державний кордон України, ст. 332","332",0,0,0,0,0,0,0,0
2023,"XIV",FALSE,"Порушення порядку в'їзду на тимчасово окуповану територію України та виїзду з неї, ст. 332-1","332-1",0,0,0,0,0,0,0,0
2023,"XIV",FALSE,"Незаконне перетинання державного кордону України, ст. 332-2","332-2",0,0,0,0,0,0,0,0
2023,"XIV",FALSE,"Ухилення від призову на строкову військову службу, військову службу за призовом осіб офіцерського складу, ст. 335*","335",0,0,0,0,0,0,0,0
2023,"XIV",FALSE,"Ухилення від призову на військову службу під час мобілізації, на особливий період, на військову службу за призовом осіб із числа резервістів в особливий період, ст.336","336",0,0,0,0,0,0,0,0
2023,"XIV",FALSE,"Ухилення від проходження служби цивільного захисту в особливий період чи у разі проведення цільової мобілізації, ст. 336-1","336-1",0,0,0,0,0,0,0,0
2023,"XV",TRUE,"Кримінальні правопорушення проти авторитету органів державної влади, органів місцевого самоврядування,об'єднань громадян та кримінальні правопорушення проти журналістів (р. XV Кримінального кодексу України )",NA,0,0,0,0,0,0,0,0
2023,"XV",FALSE,"Захоплення державних або громадських будівель чи споруд, ст. 341","341",0,0,0,0,0,0,0,0
2023,"XV",FALSE,"Опір представникові влади, працівникові правоохоронного органу, державному виконавцю, приватному виконавцю, члену громадського формування з охорони громадського порядку і державного кордону або військовослужбовцеві, уповноваженій особі Фонду гарантування вкладів фізичних осіб, ст. 342","342",0,0,0,0,0,0,0,0
2023,"XV",FALSE,"Погроза або насильство щодо працівника правоохоронного органу, ст. 345","345",0,0,0,0,0,0,0,0
2023,"XV",FALSE,"Погроза або насильство щодо журналіста, ст. 345-1","345-1",0,0,0,0,0,0,0,0
2023,"XV",FALSE,"Умисне знищення або пошкодження майна працівника правоохоронного органу, працівника органу державної виконавчої служби чи приватного виконавця, ст. 347","347",0,0,0,0,0,0,0,0
2023,"XV",FALSE,"Умисне знищення або пошкодження майна журналіста, ст. 347-1","347-1",0,0,0,0,0,0,0,0
2023,"XV",FALSE,"Посягання на життя працівника правоохоронного органу, члена громадського формування з охорони громадського порядку і державного кордону або військовослужбовця, ст. 348","348",0,0,0,0,0,0,0,0
2023,"XV",FALSE,"Посягання на життя журналіста, ст. 348-1","348-1",0,0,0,0,0,0,0,0
2023,"XV",FALSE,"Захоплення представника влади або працівника правоохоронного органу як заручника, ст. 349","349",0,0,0,0,0,0,0,0
2023,"XV",FALSE,"Захоплення журналіста як заручника, ст. 349-1","349-1",0,0,0,0,0,0,0,0
2023,"XV",FALSE,"Примушування до виконання чи невиконання цивільно-правових забов’язань, ст. 355","355",0,0,0,0,0,0,0,0
2023,"XV",FALSE,"Викрадення, привласнення, вимагання документів, штампів, печаток, заволодіння ними шляхом шахрайства чи зловживання службовим становищем або їх пошкодження, ст. 357","357",0,0,0,0,0,0,0,0
2023,"XV",FALSE,"Підроблення документів, печаток, штампів та бланків, збут чи використання підроблених документів, печаток, штампів, ст. 358","358",0,0,0,0,0,0,0,0
2023,"XVI",TRUE,"Кримінальні правопорушення у сфері використання електронно-обчислювальних машин (комп'ютерів), систем та комп'ютерних мереж і мереж електрозв'язку  (р. XVI Кримінального кодексу України )",NA,0,0,0,0,0,0,0,0
2023,"XVI",FALSE,"Несанкціоноване втручання в роботу інформаційних (автоматизованих), електронних комунікаційних, інформаційно-комунікаційних систем, електронних комунікаційних мереж, ст.361","361",0,0,0,0,0,0,0,0
2023,"XVI",FALSE,"Створення з метою протиправного використання, розповсюдження або збуту шкідливих програмних чи технічних засобів, а також їх розповсюдження або збут, ст.361-1","361-1",0,0,0,0,0,0,0,0
2023,"XVI",FALSE,"Несанкціоновані збут або розповсюдження інформації з обмеженим доступом, яка зберігається в електронно-обчислювальних машинах (комп'ютерах), автоматизованих системах, комп'ютерних мережах або на носіях такої інформації, ст. 361-2","361-2",0,0,0,0,0,0,0,0
2023,"XVI",FALSE,"Несанкціоновані дії з інформацією, яка оброблюється в електронно-обчислювальних машинах (комп’ютерах), автоматизованих системах, комп'ютерних мережах або зберігається на носіях такої інформації, вчинені особою, яка має право доступу до неї, ст. 362","362",0,0,0,0,0,0,0,0
2023,"XVII",TRUE,"Кримінальні правопорушення у сфері службової діяльності та професійної діяльності, пов'язаної з наданням публічних послуг (р. XVII Кримінального кодексу України )",NA,0,0,0,0,0,0,0,0
2023,"XVII",FALSE,"Зловживання владою або службовим становищем, ст. 364","364",0,0,0,0,0,0,0,0
2023,"XVII",FALSE,"Зловживання повноваженнями службовою особою юридичної особи приватного права незалежно від організаційно-правової форми, ст. 364-1","364-1",0,0,0,0,0,0,0,0
2023,"XVII",FALSE,"Перевищення влади або службових повноважень працівником правоохоронного органу, ст. 365","365",0,0,0,0,0,0,0,0
2023,"XVII",FALSE,"Зловживання повноваженями особами, які надають публічні послуги, ст. 365-2","365-2",0,0,0,0,0,0,0,0
2023,"XVII",FALSE,"Службове підроблення, ст. 366","366",0,0,0,0,0,0,0,0
2023,"XVII",FALSE,"Декларування недостовірної інформації, ст. 366-2","366-2",0,0,0,0,0,0,0,0
2023,"XVII",FALSE,"Службова недбалість, ст. 367","367",0,0,0,0,0,0,0,0
2023,"XVII",FALSE,"Прийняття пропозиції, обіцянки або одержання неправомірної вигоди службовою особою, ст. 368","368",0,0,0,0,0,0,0,0
2023,"XVII",FALSE,"Підкуп службової особи юридичної особи приватного права незалежно від організаційно-правової форми, ст. 368-3","368-3",0,0,0,0,0,0,0,0
2023,"XVII",FALSE,"Підкуп особи, яка надає публічні послуги, ст. 368-4","368-4",0,0,0,0,0,0,0,0
2023,"XVII",FALSE,"Незаконне збагачення, ст. 368-5","368-5",0,0,0,0,0,0,0,0
2023,"XVII",FALSE,"Пропозиція, обіцянка або надання неправомірної вигоди службовій особі,  ст. 369","369",0,0,0,0,0,0,0,0
2023,"XVII",FALSE,"Зловживання впливом, ст. 369-2","369-2",0,0,0,0,0,0,0,0
2023,"XVII",FALSE,"Протиправний вплив на результати офіційних спортивних змагань, ст. 369-3","369-3",0,0,0,0,0,0,0,0
2023,"XVII",FALSE,"Провокація підкупу, ст. 370","370",0,0,0,0,0,0,0,0
2023,"XVIII",TRUE,"Кримінальні правопорушення проти правосуддя (р. XVIII Кримінального кодексу України )",NA,0,0,0,0,0,0,0,0
2023,"XVIII",FALSE,"Постановлення суддею (суддями) завідомо неправосудного вироку, рішення, ухвали або постанови, ст. 375","375",0,0,0,0,0,0,0,0
2023,"XVIII",FALSE,"Погроза або насильство щодо судді, народного засідателя чи присяжного,  ст. 377","377",0,0,0,0,0,0,0,0
2023,"XVIII",FALSE,"Посягання на життя судді, народного засідателя чи присяжного у зв’язку з їх діяльністю, пов’язаною із здійсненням  правосуддя, ст. 379","379",0,0,0,0,0,0,0,0
2023,"XVIII",FALSE,"Невиконання судового рішення, ст. 382","382",0,0,0,0,0,0,0,0
2023,"XVIII",FALSE,"Умисне невиконання угоди про примирення або про визнання винуваності,  ст. 389-1*","389-1",0,0,0,0,0,0,0,0
2023,"XVIII",FALSE,"Дії, що дезорганізують роботу установ виконання покарань, ст. 392","392",0,0,0,0,0,0,0,0
2023,"XVIII",FALSE,"Втеча з місця позбавлення волі або з-під варти, ст. 393","393",0,0,0,0,0,0,0,0
2023,"XVIII",FALSE,"Порушення правил адміністративного нагляду, ст. 395*","395",0,0,0,0,0,0,0,0
2023,"XVIII",FALSE,"Погроза або насильство щодо захисника чи представника особи, ст. 398","398",0,0,0,0,0,0,0,0
2023,"XVIII",FALSE,"Посягання на життя захисника чи представника особи у зв’язку з діяльністю, пов’язаною з наданням правової допомоги, ст. 400","400",0,0,0,0,0,0,0,0
2023,"XIX",TRUE,"Кримінальні правопорушення проти встановленого порядку несення військової служби  (військові кримінальні правопорушення) (р. XIХ Кримінального кодексу України )",NA,0,0,0,0,0,0,0,0
2023,"XIX",FALSE,"Опір начальникові або примушування його до порушення службових обов’язків, ст. 404","404",0,0,0,0,0,0,0,0
2023,"XIX",FALSE,"Погроза або насильство щодо начальника, ст. 405","405",0,0,0,0,0,0,0,0
2023,"XIX",FALSE,"Порушення статутних правил взаємовідносин між війсковослужбовцями за відсутності відносин підлеглості, ст. 406","406",0,0,0,0,0,0,0,0
2023,"XIX",FALSE,"Самовільне залишення військової частини або місця служби, ст. 407","407",0,0,0,0,0,0,0,0
2023,"XIX",FALSE,"Дезертирство, ст. 408","408",0,0,0,0,0,0,0,0
2023,"XIX",FALSE,"Ухилення від військової служби шляхом самокалічення або іншим способом, ст. 409","409",0,0,0,0,0,0,0,0
2023,"XIX",FALSE,"Викрадення, привласнення, вимагання військовослужбовцем зброї, бойових припасів, вибухових або інших бойових речовин, засобів пересування,  військової та спеціальної техніки чи іншого військового майна, а також заволодіння ними шляхом шахрайства або зловживання службовим становищем, ст. 410","410",0,0,0,0,0,0,0,0
2023,"XIX",FALSE,"Умисне знищення або пошкодження військового майна, ст. 411","411",0,0,0,0,0,0,0,0
2023,"XIX",FALSE,"Порушення правил поводження зі зброєю, а також із речовинами і предметами, що становлять підвищену небезпеку для оточення, ст. 414","414",0,0,0,0,0,0,0,0
2023,"XIX",FALSE,"Порушення правил водіння або експлуатації машин, ст. 415","415",0,0,0,0,0,0,0,0
2023,"XIX",FALSE,"Порушення правил польотів або підготовки до них, ст. 416","416",0,0,0,0,0,0,0,0
2023,"XIX",FALSE,"Порушення правил кораблеводіння, ст. 417","417",0,0,0,0,0,0,0,0
2023,"XIX",FALSE,"Порушення статутних правил вартової служби чи патрулювання, ст. 418","418",0,0,0,0,0,0,0,0
2023,"XIX",FALSE,"Порушення правил несення прикордонної служби, ст. 419","419",0,0,0,0,0,0,0,0
2023,"XIX",FALSE,"Порушення правил несення бойового чергування, ст. 420","420",0,0,0,0,0,0,0,0
2023,"XIX",FALSE,"Порушення статутних правил внутрішньої служби, ст. 421","421",0,0,0,0,0,0,0,0
2023,"XIX",FALSE,"Розголошення відомостей військового характеру, що становлять державну таємницю, або втрата документів чи матеріалів, що містять такі відомості,  ст. 422","422",0,0,0,0,0,0,0,0
2023,"XIX",FALSE,"Недбале ставлення до військової служби, ст. 425","425",0,0,0,0,0,0,0,0
2023,"XIX",FALSE,"Бездіяльність військової влади, ст. 426","426",0,0,0,0,0,0,0,0
2023,"XIX",FALSE,"Перевищення військовою службовою особою влади чи службових повноважень, ст. 426-1","426-1",0,0,0,0,0,0,0,0
2023,"XIX",FALSE,"Образа честі і гідності військовослужбовця, погроза військовослужбовцю, ст.435-1","435-1",0,0,0,0,0,0,0,0
2023,"XX",TRUE,"Кримінальні правопорушення проти миру, безпеки людства та міжнародного правопорядку (р. XX Кримінального кодексу України )",NA,0,0,0,0,0,0,0,0
2023,"XX",FALSE,"Пропаганда війни, ст. 436","436",0,0,0,0,0,0,0,0
2023,"XX",FALSE,"Виготовлення, поширення комуністичної, нацистської символіки та пропаганда комуністичного та націонал-соціалістичного (нацистського) тоталітарних режимів, ст. 436-1","436-1",0,0,0,0,0,0,0,0
2023,"XX",FALSE,"Виправдовування, визнання правомірною, заперечення збройної агресії Російської Федерації проти України, глорифікація її учасників, ст.436-2","436-2",0,0,0,0,0,0,0,0
2023,"XX",FALSE,"Планування, підготовка, розв'язування та ведення агресивної війни, ст. 437","437",0,0,0,0,0,0,0,0
2023,"XX",FALSE,"Порушення законів та звичаїв війни, ст. 438","438",0,0,0,0,0,0,0,0
2023,"XX",FALSE,"Геноцид, ст. 442","442",0,0,0,0,0,0,0,0
