"Year","Chapter","IsChp","Article","Art","FS22X1","FS22X2","FS22X3","FS22X4","FS22X5","FS22X6","FS22X7","FS22X8","FS22X9","FS22X10","FS22X11","FS22X12","FS22X13","FS22X14","FS22X15","FS22X16","FS22X17","FS22X18","FS22X19","FS22X20","FS22X21","FS22X22","FS22X23","FS22X24","FS22X25","FS22X26","FS22X27","FS22X28","FS22X29","FS22X30","FS22X31","FS22X32","FS22X33","FS22X34","FS22X35","FS22X36","FS22X37","FS22X38","FS22X39","FS22X40","FS22X41","FS22X42","FS22X43","FS22X44","FS22X45","FS22X46","FS22X47"
2021,"I",TRUE,"Злочини проти основ національної безпеки України (р. І Кримінального кодексу України )",NA,0,0,0,0,0,106,18,2,4,4,1,0,1,0,0,0,0,0,0,0,0,0,22,0,0,0,9,3,0,0,0,0,1,0,3,0,2,9,6,0,0,0,0,0,0,NA,NA
2021,"I",FALSE,"Дії, спрямовані на насильницьку зміну чи повалення конституційного ладу або на захоплення державної влади, ст. 109","109",0,0,0,0,0,9,2,2,0,0,0,0,0,0,0,0,0,0,0,0,0,0,0,0,0,0,4,1,0,0,0,0,1,0,1,0,0,0,0,0,0,0,0,0,0,NA,NA
2021,"I",FALSE,"Посягання на територіальну цілісність і недоторканість України, ст. 110","110",0,0,0,0,0,90,14,2,0,4,0,0,0,0,0,0,0,0,0,0,0,0,0,0,0,0,6,1,0,0,0,0,1,0,3,0,0,3,0,0,0,0,0,0,0,NA,NA
2021,"I",FALSE,"Фінансування дій, вчинених з метою насильницької зміни чи повалення конституційного ладу або захоплення державної влади, зміни меж території або державного кордону України, ст. 110-2","110-2",0,0,0,0,0,4,0,0,0,0,0,0,0,0,0,0,0,0,0,0,0,0,0,0,0,0,0,0,0,0,0,0,0,0,0,0,0,0,0,0,0,0,0,0,0,NA,NA
2021,"I",FALSE,"Державна зрада, ст. 111","111",0,0,0,0,0,8,4,2,4,0,1,0,1,0,0,0,0,0,0,0,0,0,22,0,0,0,6,3,0,0,0,0,0,0,1,0,2,8,6,0,0,0,0,0,0,NA,NA
2021,"I",FALSE,"Посягання на життя державного чи громадського діяча, ст. 112","112",0,0,0,0,0,0,0,0,0,0,0,0,0,0,0,0,0,0,0,0,0,0,0,0,0,0,0,0,0,0,0,0,0,0,0,0,0,0,0,0,0,0,0,0,0,NA,NA
2021,"I",FALSE,"Диверсія, ст. 113","113",0,0,0,0,0,1,1,0,0,0,0,0,0,0,0,0,0,0,0,0,0,0,0,0,0,0,0,0,0,0,0,0,0,0,0,0,0,0,0,0,0,0,0,0,0,NA,NA
2021,"I",FALSE,"Шпигунство, ст. 114","114",0,0,0,0,0,0,0,0,0,0,0,0,0,0,0,0,0,0,0,0,0,0,0,0,0,0,0,0,0,0,0,0,0,0,0,0,0,0,0,0,0,0,0,0,0,NA,NA
2021,"I",FALSE,"Перешкоджання законній діяльності Збройних Сил України та інших військових формувань, ст. 114-1","114-1",0,0,0,0,0,0,0,0,0,0,0,0,0,0,0,0,0,0,0,0,0,0,0,0,0,0,0,0,0,0,0,0,0,0,0,0,0,0,0,0,0,0,0,0,0,NA,NA
2021,"II",TRUE,"Кримінальні правопорушення проти життя та здоров'я особи (р. ІІ Кримінального кодексу України )",NA,129,45,46,11,27,2130,155,0,0,2,2,0,0,1,1,2,0,0,2,0,0,0,0,0,1,0,30,0,17,0,0,0,2,2,1,0,2,37,7,0,27,8,0,0,42,NA,NA
2021,"II",FALSE,"Умисне вбивство, ст. 115","115",10,4,4,0,2,292,21,0,0,1,0,0,0,0,0,0,0,0,0,0,0,0,0,0,0,0,3,0,0,0,0,0,0,0,0,0,0,6,1,0,5,0,0,0,9,NA,NA
2021,"II",FALSE,"Умисне вбивство при перевищенні меж необхідної оборони або у разі перевищення заходів, необхідних для затримання злочинця, ст. 118","118",0,0,0,0,0,0,0,0,0,0,0,0,0,0,0,0,0,0,0,0,0,0,0,0,0,0,0,0,0,0,0,0,0,0,0,0,0,0,0,0,0,0,0,0,0,NA,NA
2021,"II",FALSE,"Умисне тяжке тілесне ушкодження, ст. 121","121",21,8,7,2,4,299,29,0,0,0,0,0,0,0,0,0,0,0,0,0,0,0,0,0,1,0,5,0,2,0,0,0,1,0,0,0,0,9,1,0,6,2,0,0,9,NA,NA
2021,"II",FALSE,"Умисне середньої тяжкості тілесне ушкодження, ст. 122","122",35,14,10,2,9,235,23,0,0,1,0,0,0,0,0,0,0,0,0,0,0,0,0,0,0,0,3,0,3,0,0,0,0,0,0,0,0,6,2,0,4,1,0,0,5,NA,NA
2021,"II",FALSE,"Домашнє насильство, ст. 126-1","126-1",0,0,0,0,0,98,5,0,0,0,0,0,0,0,0,0,0,0,0,0,0,0,0,0,0,0,0,0,0,0,0,0,0,0,0,0,0,0,0,0,0,0,0,0,0,NA,NA
2021,"III",TRUE,"Кримінальні правопорушення проти волі, честі та гідності особи (р. IІІ Кримінального кодексу України )",NA,2,0,1,0,1,223,27,0,0,0,3,0,0,3,0,0,0,0,0,0,0,0,0,0,1,0,10,0,6,0,0,0,3,0,0,0,0,1,0,0,1,0,0,0,3,NA,NA
2021,"III",FALSE,"Незаконне позбавлення волі або викрадення людини, ст. 146","146",2,0,1,0,1,173,27,0,0,0,3,0,0,3,0,0,0,0,0,0,0,0,0,0,1,0,10,0,6,0,0,0,3,0,0,0,0,1,0,0,1,0,0,0,3,NA,NA
2021,"III",FALSE,"Насильницьке зникнення, ст. 146-1","146-1",0,0,0,0,0,0,0,0,0,0,0,0,0,0,0,0,0,0,0,0,0,0,0,0,0,0,0,0,0,0,0,0,0,0,0,0,0,0,0,0,0,0,0,0,0,NA,NA
2021,"III",FALSE,"Захоплення заручників, ст. 147","147",0,0,0,0,0,3,0,0,0,0,0,0,0,0,0,0,0,0,0,0,0,0,0,0,0,0,0,0,0,0,0,0,0,0,0,0,0,0,0,0,0,0,0,0,0,NA,NA
2021,"III",FALSE,"Торгівля людьми, ст. 149","149",0,0,0,0,0,46,0,0,0,0,0,0,0,0,0,0,0,0,0,0,0,0,0,0,0,0,0,0,0,0,0,0,0,0,0,0,0,0,0,0,0,0,0,0,0,NA,NA
2021,"IV",TRUE,"Кримінальні правопорушення проти статевої свободи та статевої недоторканості особи (р. IV Кримінального кодексу України )",NA,10,6,3,0,1,64,8,0,0,0,0,0,0,0,0,0,0,0,0,0,0,0,0,0,0,0,0,0,0,0,0,0,0,0,0,0,0,2,0,0,2,0,0,0,1,NA,NA
2021,"IV",FALSE,"Згвалтування, ст. 152","152",8,6,2,0,0,48,6,0,0,0,0,0,0,0,0,0,0,0,0,0,0,0,0,0,0,0,0,0,0,0,0,0,0,0,0,0,0,2,0,0,2,0,0,0,1,NA,NA
2021,"IV",FALSE,"Сексуальне насильство, ст. 153","153",0,0,0,0,0,6,1,0,0,0,0,0,0,0,0,0,0,0,0,0,0,0,0,0,0,0,0,0,0,0,0,0,0,0,0,0,0,0,0,0,0,0,0,0,0,NA,NA
2021,"IV",FALSE,"Розбещення неповнолітніх, ст. 156","156",2,0,1,0,1,22,1,0,0,0,0,0,0,0,0,0,0,0,0,0,0,0,0,0,0,0,0,0,0,0,0,0,0,0,0,0,0,0,0,0,0,0,0,0,0,NA,NA
2021,"V",TRUE,"Кримінальні правопорушення проти виборчих, трудових та інших особистих прав і свобод людини  і громадянина (р. V Кримінального кодексу України )",NA,3,1,1,0,1,342,18,0,0,2,2,0,0,1,1,2,0,0,2,0,0,0,0,0,0,0,16,0,15,0,0,0,1,0,0,0,1,4,0,0,2,0,0,0,3,NA,NA
2021,"V",FALSE,"Порушення рівноправності громадян залежно від їх расової, національної належності, релігійних переконань, інвалідності та за іншими ознаками, ст. 161","161",0,0,0,0,0,2,1,0,0,0,0,0,0,0,0,0,0,0,0,0,0,0,0,0,0,0,0,0,0,0,0,0,0,0,0,0,0,0,0,0,0,0,0,0,0,NA,NA
2021,"V",FALSE,"Ухилення від сплати аліментів на утримання дітей, ст. 164*","164",0,0,0,0,0,129,7,0,0,0,0,0,0,0,0,0,0,0,0,0,0,0,0,0,0,0,0,0,0,0,0,0,0,0,0,0,0,1,0,0,1,0,0,0,0,NA,NA
2021,"V",FALSE,"Перешкоджання законній професійній діяльності журналістів, ст. 171*","171",0,0,0,0,0,4,0,0,0,0,0,0,0,0,0,0,0,0,0,0,0,0,0,0,0,0,1,0,1,0,0,0,0,0,0,0,0,0,0,0,0,0,0,0,0,NA,NA
2021,"V",FALSE,"Невиплата заробітної плати, стипендії, пенсії чи інших установлених  законом виплат, ст. 175","175",0,0,0,0,0,0,0,0,0,0,0,0,0,0,0,0,0,0,0,0,0,0,0,0,0,0,0,0,0,0,0,0,0,0,0,0,0,0,0,0,0,0,0,0,0,NA,NA
2021,"V",FALSE,"Порушення авторського права і суміжних прав, ст. 176","176",0,0,0,0,0,5,0,0,0,1,0,0,0,0,0,0,0,0,0,0,0,0,0,0,0,0,0,0,0,0,0,0,0,0,0,0,0,0,0,0,0,0,0,0,0,NA,NA
2021,"V",FALSE,"Порушення прав на винахід, корисну модель, промисловий зразок, топографію інтегральной мікросхеми, сорт рослин, раціоналізаторську пропозицію, ст. 177","177",0,0,0,0,0,0,0,0,0,0,0,0,0,0,0,0,0,0,0,0,0,0,0,0,0,0,0,0,0,0,0,0,0,0,0,0,0,0,0,0,0,0,0,0,0,NA,NA
2021,"VI",TRUE,"Кримінальні правопорушення проти власності (р. VІ Кримінального кодексу України )",NA,335,184,94,19,38,6178,425,1,2,7,31,0,18,7,6,38,0,1,20,17,11,6,0,1,17,7,103,3,52,1,0,6,12,3,3,2,28,36,8,0,18,1,3,0,31,NA,NA
2021,"VI",FALSE,"Крадіжка, ст. 185","185",261,155,72,12,22,4376,240,0,0,1,0,0,0,0,0,0,0,0,0,0,0,0,0,0,0,1,9,0,9,0,0,0,0,0,0,0,0,16,2,0,10,1,3,0,15,NA,NA
2021,"VI",FALSE,"Грабіж, ст. 186","186",37,17,13,3,4,578,41,0,0,0,0,0,0,0,0,1,0,0,1,0,0,0,0,0,0,0,6,0,5,0,0,0,0,0,0,0,0,6,0,0,4,0,0,0,0,NA,NA
2021,"VI",FALSE,"Розбій, ст. 187","187",23,10,6,2,5,412,28,0,0,0,3,0,0,3,0,0,0,0,0,0,0,0,0,0,1,0,5,0,3,0,0,0,1,0,0,0,0,2,1,0,1,0,0,0,1,NA,NA
2021,"VI",FALSE,"Вимагання, ст. 189","189",3,0,1,1,1,177,46,0,1,0,5,0,2,3,0,0,0,0,0,0,0,1,0,0,1,0,15,0,8,0,0,1,5,1,0,0,0,1,1,0,0,0,0,0,1,NA,NA
2021,"VI",FALSE,"Шахрайство, ст. 190","190",17,2,5,3,7,759,82,0,0,0,4,0,2,2,0,1,0,0,1,0,2,0,0,0,10,6,31,2,13,1,0,2,7,1,1,0,3,3,0,0,2,0,0,0,9,NA,NA
2021,"VI",FALSE,"Привласнення, розтрата майна або заволодіння ним шляхом зловживання службовим становищем, ст. 191","191",0,0,0,0,0,64,9,1,1,6,22,0,14,2,6,36,0,1,18,17,9,5,0,1,5,0,39,1,16,0,0,3,0,1,1,2,25,8,5,0,1,0,0,0,5,NA,NA
2021,"VI",FALSE,"Умисне знищення або пошкодження майна, ст. 194","194",4,1,3,0,0,84,1,0,0,0,0,0,0,0,0,0,0,0,0,0,0,0,0,0,0,0,1,0,0,0,0,0,0,0,1,0,0,1,0,0,0,0,0,0,0,NA,NA
2021,"VI",FALSE,"Самовільне зайняття земельної ділянки та самовільне будівництво, ст. 197-1","197-1",0,0,0,0,0,18,2,0,0,0,0,0,0,0,0,0,0,0,0,0,0,0,0,0,1,0,0,0,0,0,0,0,0,0,0,0,0,0,0,0,0,0,0,0,0,NA,NA
2021,"VII",TRUE,"Кримінальні правопорушення у сфері господарської діяльності (р. VІІ Кримінального кодексу України )",NA,3,2,0,0,1,356,122,1,1,2,0,0,0,0,0,2,0,0,2,0,0,0,0,0,2,1,6,1,3,0,0,0,0,0,1,0,0,2,0,0,1,1,0,0,1,NA,NA
2021,"VII",FALSE,"Виготовлення, зберігання, придбання, перевезення, пересилання, ввезення в Україну з метою використання при продажу товарів, збуту або збут підроблених грошей, державних цінних паперів, білетів державної лотереї, марок акцизного податку чи голографічних захисних елементів, ст. 199","199",0,0,0,0,0,42,11,0,0,0,0,0,0,0,0,0,0,0,0,0,0,0,0,0,0,0,0,0,0,0,0,0,0,0,0,0,0,0,0,0,0,0,0,0,0,NA,NA
2021,"VII",FALSE,"Незаконні дії з документами на переказ, платіжними картками та іншими засобами доступу до банківських рахунків, електронними грошима, обладнанням для їх виготовлення, ст. 200","200",0,0,0,0,0,14,13,0,0,0,0,0,0,0,0,1,0,0,1,0,0,0,0,0,0,0,0,0,0,0,0,0,0,0,0,0,0,1,0,0,1,1,0,0,1,NA,NA
2021,"VII",FALSE,"Незаконна діяльність з організації або проведення азартних ігор, лотерей, ст. 203-2","203-2",0,0,0,0,0,74,0,0,0,0,0,0,0,0,0,0,0,0,0,0,0,0,0,0,0,0,4,1,2,0,0,0,0,0,0,0,0,0,0,0,0,0,0,0,0,NA,NA
2021,"VII",FALSE,"Незаконне виготовлення, зберігання, збут або транспортування з метою збуту підакцизних  товарів, ст. 204","204",0,0,0,0,0,84,42,0,0,0,0,0,0,0,0,0,0,0,0,0,0,0,0,0,0,0,1,0,0,0,0,0,0,0,1,0,0,0,0,0,0,0,0,0,0,NA,NA
2021,"VII",FALSE,"Підроблення документів, які подаються для проведення державної реєстрації юридичної особи та фізичних осіб-підприємців, ст. 205-1","205-1",2,1,0,0,1,26,47,0,0,0,0,0,0,0,0,1,0,0,1,0,0,0,0,0,0,1,0,0,0,0,0,0,0,0,0,0,0,0,0,0,0,0,0,0,0,NA,NA
2021,"VII",FALSE,"Протиправне заволодіння майном підприємства, установи, організації,  ст. 206-2","206-2",0,0,0,0,0,33,7,0,0,0,0,0,0,0,0,0,0,0,0,0,0,0,0,0,1,1,0,0,0,0,0,0,0,0,0,0,0,0,0,0,0,0,0,0,0,NA,NA
2021,"VII",FALSE,"Легалізація (відмивання) майна, одержаного злочинним шляхом, ст. 209","209",1,1,0,0,0,39,15,1,1,2,0,0,0,0,0,1,0,0,1,0,0,0,0,0,1,0,1,0,1,0,0,0,0,0,0,0,0,0,0,0,0,0,0,0,0,NA,NA
2021,"VII",FALSE,"Нецільове використання бюджетних коштів, здійснення видатків бюджету чи надання кредитів з бюджету без встановлених бюджетних призначень або з їх перевищенням, ст. 210","210",0,0,0,0,0,0,0,0,0,0,0,0,0,0,0,0,0,0,0,0,0,0,0,0,0,0,0,0,0,0,0,0,0,0,0,0,0,0,0,0,0,0,0,0,0,NA,NA
2021,"VII",FALSE,"Видання нормативно-правових актів, що зменшують надходження бюджету або збільшують витрати бюджету всупереч закону, ст. 211","211",0,0,0,0,0,0,0,0,0,0,0,0,0,0,0,0,0,0,0,0,0,0,0,0,0,0,0,0,0,0,0,0,0,0,0,0,0,0,0,0,0,0,0,0,0,NA,NA
2021,"VII",FALSE,"Ухилення від сплати податків, зборів (обов'язкових платежів), ст. 212","212",0,0,0,0,0,4,0,0,0,0,0,0,0,0,0,0,0,0,0,0,0,0,0,0,0,0,0,0,0,0,0,0,0,0,0,0,0,1,0,0,0,0,0,0,0,NA,NA
2021,"VII",FALSE,"Порушення порядку здійснення заготівлі металобрухту та операцій з металобрухтом, ст. 213","213",0,0,0,0,0,5,0,0,0,0,0,0,0,0,0,0,0,0,0,0,0,0,0,0,0,0,0,0,0,0,0,0,0,0,0,0,0,0,0,0,0,0,0,0,0,NA,NA
2021,"VII",FALSE,"Доведення банку до неплатоспроможності, ст. 218-1","218-1",0,0,0,0,0,0,0,0,0,0,0,0,0,0,0,0,0,0,0,0,0,0,0,0,0,0,0,0,0,0,0,0,0,0,0,0,0,0,0,0,0,0,0,0,0,NA,NA
2021,"VII",FALSE,"Порушення порядку ведення бази даних про вкладників або порядку формування звітності, ст. 220-1","220-1",0,0,0,0,0,0,0,0,0,0,0,0,0,0,0,0,0,0,0,0,0,0,0,0,0,0,0,0,0,0,0,0,0,0,0,0,0,0,0,0,0,0,0,0,0,NA,NA
2021,"VII",FALSE,"Фальсифікація фінансових документів та звітності фінансової організації, приховування неплатоспроможності фінансової установи або підстав для відкликання (анулювання) ліцензії фінансової установи, ст. 220-2","220-2",0,0,0,0,0,0,0,0,0,0,0,0,0,0,0,0,0,0,0,0,0,0,0,0,0,0,0,0,0,0,0,0,0,0,0,0,0,0,0,0,0,0,0,0,0,NA,NA
2021,"VII",FALSE,"Шахрайство з фінансовими ресурсами, ст. 222","222",0,0,0,0,0,17,2,0,0,0,0,0,0,0,0,0,0,0,0,0,0,0,0,0,0,0,0,0,0,0,0,0,0,0,0,0,0,0,0,0,0,0,0,0,0,NA,NA
2021,"VII",FALSE,"Підроблення документів, які подаються для реєстрації випуску цінних паперів, ст. 223-1","223-1",0,0,0,0,0,0,0,0,0,0,0,0,0,0,0,0,0,0,0,0,0,0,0,0,0,0,0,0,0,0,0,0,0,0,0,0,0,0,0,0,0,0,0,0,0,NA,NA
2021,"VII",FALSE,"Незаконна приватизація державного, комунального майна, ст. 233","233",0,0,0,0,0,0,0,0,0,0,0,0,0,0,0,0,0,0,0,0,0,0,0,0,0,0,0,0,0,0,0,0,0,0,0,0,0,0,0,0,0,0,0,0,0,NA,NA
2021,"VIII",TRUE,"Кримінальні правопорушення проти довкілля (р. VІІІ Кримінального кодексу України )",NA,2,0,0,1,1,338,15,0,0,1,0,0,0,0,0,0,0,0,0,0,0,0,0,0,0,0,45,0,6,0,0,0,0,0,0,0,0,2,0,0,0,0,0,0,2,NA,NA
2021,"VIII",FALSE,"Порушення правил охорони або використання надр, ст. 240","240",0,0,0,0,0,18,1,0,0,1,0,0,0,0,0,0,0,0,0,0,0,0,0,0,0,0,0,0,0,0,0,0,0,0,0,0,0,0,0,0,0,0,0,0,0,NA,NA
2021,"VIII",FALSE,"Незаконна порубка або незаконне перевезення, зберігання, збут лісу, ст. 246","246",1,0,0,0,1,196,14,0,0,0,0,0,0,0,0,0,0,0,0,0,0,0,0,0,0,0,42,0,5,0,0,0,0,0,0,0,0,1,0,0,0,0,0,0,1,NA,NA
2021,"IX",TRUE,"Кримінальні правопорушення проти громадської безпеки (р. IX Кримінального кодексу України )",NA,9,2,4,0,3,766,119,2,0,1,5,1,0,4,0,2,0,0,0,2,0,0,0,0,4,0,28,1,13,0,0,0,7,0,2,0,0,22,2,1,13,2,0,0,25,NA,NA
2021,"IX",FALSE,"Створення злочинної організації, ст. 255","255",0,0,0,0,0,167,56,2,0,0,0,0,0,0,0,2,0,0,0,2,0,0,0,0,2,0,13,1,9,0,0,0,1,0,1,0,0,1,1,0,0,0,0,0,0,NA,NA
2021,"IX",FALSE,"Сприяння учасникам злочинних організацій та укриття їх злочинної  діяльності, ст. 256","256",0,0,0,0,0,0,0,0,0,0,0,0,0,0,0,0,0,0,0,0,0,0,0,0,0,0,0,0,0,0,0,0,0,0,0,0,0,0,0,0,0,0,0,0,0,NA,NA
2021,"IX",FALSE,"Бандитизм, ст. 257","257",0,0,0,0,0,64,5,0,0,0,3,0,0,3,0,0,0,0,0,0,0,0,0,0,0,0,3,0,2,0,0,0,1,0,0,0,0,0,0,0,0,0,0,0,0,NA,NA
2021,"IX",FALSE,"Терористичний акт, ст. 258","258",0,0,0,0,0,7,3,0,0,0,0,0,0,0,0,0,0,0,0,0,0,0,0,0,0,0,1,0,0,0,0,0,0,0,0,0,0,0,0,0,0,0,0,0,1,NA,NA
2021,"IX",FALSE,"Втягнення у вчинення терористичного акту, ст. 258-1","258-1",0,0,0,0,0,0,0,0,0,0,0,0,0,0,0,0,0,0,0,0,0,0,0,0,0,0,0,0,0,0,0,0,0,0,0,0,0,0,0,0,0,0,0,0,0,NA,NA
2021,"IX",FALSE,"Публічні заклики до вчинення терористичного акту, ст. 258-2","258-2",0,0,0,0,0,1,1,0,0,0,0,0,0,0,0,0,0,0,0,0,0,0,0,0,0,0,0,0,0,0,0,0,0,0,0,0,0,0,0,0,0,0,0,0,0,NA,NA
2021,"IX",FALSE,"Створення терористичної групи чи терористичної організації, ст. 258-3","258-3",0,0,0,0,0,80,19,0,0,0,1,0,0,1,0,0,0,0,0,0,0,0,0,0,1,0,2,0,0,0,0,0,2,0,0,0,0,1,0,0,0,0,0,0,0,NA,NA
2021,"IX",FALSE,"Сприяння вчиненню терористичного акту , ст. 258-4","258-4",0,0,0,0,0,0,0,0,0,0,0,0,0,0,0,0,0,0,0,0,0,0,0,0,0,0,0,0,0,0,0,0,0,0,0,0,0,0,0,0,0,0,0,0,0,NA,NA
2021,"IX",FALSE,"Фінансування тероризму, ст. 258-5","258-5",0,0,0,0,0,0,0,0,0,0,0,0,0,0,0,0,0,0,0,0,0,0,0,0,0,0,0,0,0,0,0,0,0,0,0,0,0,0,0,0,0,0,0,0,0,NA,NA
2021,"IX",FALSE,"Завідомо неправдиве повідомлення про загрозу безпеці громадян, знищення чи пошкодження об’єктів  власності, ст. 259","259",1,0,1,0,0,25,3,0,0,0,0,0,0,0,0,0,0,0,0,0,0,0,0,0,1,0,0,0,0,0,0,0,0,0,0,0,0,1,0,0,1,0,0,0,1,NA,NA
2021,"IX",FALSE,"Створення не передбачених законом воєнізованих або збройних формувань, ст. 260","260",0,0,0,0,0,65,4,0,0,0,0,0,0,0,0,0,0,0,0,0,0,0,0,0,0,0,0,0,0,0,0,0,0,0,0,0,0,0,0,0,0,0,0,0,1,NA,NA
2021,"IX",FALSE,"Викрадення, привласнення, вимагання вогнепальної зброї, бойових припасів, вибухових речовин чи радіоактивних матеріалів або заволодіння ними шляхом шахрайства або зловживанням службовим становищем, ст. 262","262",0,0,0,0,0,14,2,0,0,0,0,0,0,0,0,0,0,0,0,0,0,0,0,0,0,0,0,0,0,0,0,0,0,0,0,0,0,0,0,0,0,0,0,0,0,NA,NA
2021,"IX",FALSE,"Незаконне поводження зі зброєю, бойовими припасами або вибуховими  речовинами, ст. 263","263",8,2,3,0,3,416,36,0,0,1,1,0,0,1,0,1,0,0,0,1,0,0,0,0,1,0,15,0,7,0,0,0,4,0,1,0,0,19,1,1,12,2,0,0,23,NA,NA
2021,"IX",FALSE,"Незаконне виготовлення, переробка чи ремонт вогнепальної зброї або фальсифікація, незаконне видалення чи зміна її маркування, або незаконне виготовлення бойових припасів, вибухових речовин чи вибухових  пристроїв, ст. 263-1","263-1",0,0,0,0,0,18,1,0,0,0,0,0,0,0,0,0,0,0,0,0,0,0,0,0,0,0,1,0,0,0,0,0,0,0,0,0,0,0,0,0,0,0,0,0,0,NA,NA
2021,"IX",FALSE,"Недбале зберігання вогнепальної зброї або бойових припасів, ст. 264","264",0,0,0,0,0,2,0,0,0,0,0,0,0,0,0,0,0,0,0,0,0,0,0,0,0,0,0,0,0,0,0,0,0,0,0,0,0,0,0,0,0,0,0,0,0,NA,NA
2021,"IX",FALSE,"Незаконне поводження з радіоактивними матеріалами, ст. 265","265",0,0,0,0,0,0,0,0,0,0,1,1,0,0,0,0,0,0,0,0,0,0,0,0,0,0,0,0,0,0,0,0,0,0,0,0,0,0,0,0,0,0,0,0,0,NA,NA
2021,"IX",FALSE,"Порушення правил поводження з вибуховими, легкозаймистими та їдкими речовинами або радіоактивними матеріалами, ст. 267","267",0,0,0,0,0,0,0,0,0,0,0,0,0,0,0,0,0,0,0,0,0,0,0,0,0,0,0,0,0,0,0,0,0,0,0,0,0,0,0,0,0,0,0,0,0,NA,NA
2021,"X",TRUE,"Кримінальні правопорушення проти безпеки виробництва (р. X Кримінального кодексу України )",NA,0,0,0,0,0,15,1,0,0,0,0,0,0,0,0,0,0,0,0,0,0,0,0,0,0,0,1,0,0,0,0,0,0,0,0,0,0,1,0,0,1,0,0,0,0,NA,NA
2021,"XI",TRUE,"Кримінальні правопорушення проти безпеки руху та експлуатації транспорту  (р. XІ Кримінального кодексу України )",NA,101,33,25,3,40,1324,232,0,1,3,1,0,0,0,1,2,0,0,0,2,0,0,1,0,5,0,79,3,42,0,0,0,0,5,8,0,2,35,4,3,21,6,1,0,22,NA,NA
2021,"XI",FALSE,"Порушення правил безпеки руху або експлуатації залізничного, водного чи повітряного транспорту, ст. 276","276",0,0,0,0,0,0,0,0,0,0,0,0,0,0,0,0,0,0,0,0,0,0,0,0,0,0,0,0,0,0,0,0,0,0,0,0,0,0,0,0,0,0,0,0,0,NA,NA
2021,"XI",FALSE,"Порушення правил безпеки дорожнього  руху або експлуатації транспорту особами,  які керують транспортними засобами, ст. 286","286",70,11,18,2,39,969,181,0,1,3,1,0,0,0,1,2,0,0,0,2,0,0,1,0,4,0,74,3,39,0,0,0,0,5,8,0,2,31,3,3,19,6,1,0,20,NA,NA
2021,"XI",FALSE,"Незаконне заволодіння транспортним засобом, ст. 289","289",30,21,7,1,1,335,48,0,0,0,0,0,0,0,0,0,0,0,0,0,0,0,0,0,1,0,5,0,3,0,0,0,0,0,0,0,0,4,1,0,2,0,0,0,2,NA,NA
2021,"XI",FALSE,"Знищення, підробка або заміна номерів вузлів та агрегатів транспортного  засобу, ст. 290*","290",0,0,0,0,0,2,2,0,0,0,0,0,0,0,0,0,0,0,0,0,0,0,0,0,0,0,0,0,0,0,0,0,0,0,0,0,0,0,0,0,0,0,0,0,0,NA,NA
2021,"XII",TRUE,"Кримінальні правопорушення проти громадського порядку та моральності  (р. XІІ Кримінального кодексу України )",NA,42,19,11,1,11,639,48,0,0,5,0,0,0,0,0,0,0,0,0,0,0,0,0,0,0,0,15,0,12,0,0,0,1,0,1,0,0,3,0,0,2,0,1,0,7,NA,NA
2021,"XII",FALSE,"Хуліганство, ст. 296","296",32,12,10,1,9,384,32,0,0,5,0,0,0,0,0,0,0,0,0,0,0,0,0,0,0,0,14,0,11,0,0,0,1,0,1,0,0,3,0,0,2,0,1,0,7,NA,NA
2021,"XII",FALSE,"Наруга над могилою, іншим місцем поховання або над тілом померлого,  ст. 297","297",1,1,0,0,0,23,0,0,0,0,0,0,0,0,0,0,0,0,0,0,0,0,0,0,0,0,0,0,0,0,0,0,0,0,0,0,0,0,0,0,0,0,0,0,0,NA,NA
2021,"XII",FALSE,"Жорстоке поводження з тваринами, ст. 299","299",2,2,0,0,0,2,0,0,0,0,0,0,0,0,0,0,0,0,0,0,0,0,0,0,0,0,0,0,0,0,0,0,0,0,0,0,0,0,0,0,0,0,0,0,0,NA,NA
2021,"XII",FALSE,"Ввезення, виготовлення, збут і розповсюдження порнографічних предметів, ст. 301","301",5,3,1,0,1,70,6,0,0,0,0,0,0,0,0,0,0,0,0,0,0,0,0,0,0,0,0,0,0,0,0,0,0,0,0,0,0,0,0,0,0,0,0,0,0,NA,NA
2021,"XII",FALSE,"Створення або утримання місць розпусти і звідництво, ст. 302","302",1,0,0,0,1,58,0,0,0,0,0,0,0,0,0,0,0,0,0,0,0,0,0,0,0,0,1,0,1,0,0,0,0,0,0,0,0,0,0,0,0,0,0,0,0,NA,NA
2021,"XII",FALSE,"Сутенерство або втягнення особи в заняття проституцією, ст. 303","303",0,0,0,0,0,66,1,0,0,0,0,0,0,0,0,0,0,0,0,0,0,0,0,0,0,0,1,0,1,0,0,0,0,0,0,0,0,0,0,0,0,0,0,0,0,NA,NA
2021,"XII",FALSE,"Втягнення неповнолітніх у протиправну діяльність, ст. 304","304",1,1,0,0,0,27,2,0,0,0,0,0,0,0,0,0,0,0,0,0,0,0,0,0,0,0,0,0,0,0,0,0,0,0,0,0,0,0,0,0,0,0,0,0,0,NA,NA
2021,"XIII",TRUE,"Кримінальні правопорушення у сфері обігу наркотичних засобів, психотропних речовин, їх аналогів або прекурсорів та інші кримінальні правопорушення проти здоров'я населення (р. XІІІ Кримінального кодексу України )",NA,43,13,9,2,19,2344,189,0,0,0,0,0,0,0,0,0,0,0,0,0,0,0,0,1,1,0,57,0,17,0,0,0,2,18,8,0,0,27,0,0,16,1,2,0,19,NA,NA
2021,"XIII",FALSE,"Контрабанда наркотичних засобів, психотропних речовин, їх аналогів чи прекурсорів або фальсифікованих лікарських засобів, ст. 305","305",1,1,0,0,0,39,18,0,0,0,0,0,0,0,0,0,0,0,0,0,0,0,0,0,1,0,0,0,0,0,0,0,0,0,0,0,0,0,0,0,0,0,0,0,0,NA,NA
2021,"XIII",FALSE,"Використання коштів, здобутих від незаконного обігу наркотичних засобів, психотропних речовин, їх аналогів, прекурсорів, отруйних чи сильнодіючих речовин або отруйних чи сильнодіючих лікарських засобів, ст. 306","306",1,1,0,0,0,42,2,0,0,0,0,0,0,0,0,0,0,0,0,0,0,0,0,0,0,0,0,0,0,0,0,0,0,0,0,0,0,0,0,0,0,0,0,0,0,NA,NA
2021,"XIII",FALSE,"Незаконне виробництво, виготовлення, придбання, зберігання, перевезення, пересилання чи збут наркотичних засобів, психотропних речовин або  їх аналогів, ст. 307","307",21,7,2,1,11,847,62,0,0,0,0,0,0,0,0,0,0,0,0,0,0,0,0,1,0,0,41,0,17,0,0,0,2,11,3,0,0,2,0,0,1,0,0,0,6,NA,NA
2021,"XIII",FALSE,"Викрадення, привласнення, вимагання наркотичних засобів, психотропних речовин або їх аналогів чи заволодіння ними шляхом шахрайства або зловживання службовим становищем, ст. 308","308",0,0,0,0,0,8,0,0,0,0,0,0,0,0,0,0,0,0,0,0,0,0,0,0,0,0,0,0,0,0,0,0,0,0,0,0,0,0,0,0,0,0,0,0,0,NA,NA
2021,"XIII",FALSE,"Незаконне виробництво, виготовлення, придбання, зберігання, перевезення чи пересилання наркотичних засобів, психотропних речовин або їх аналогів  без мети збуту, ст. 309","309",23,6,7,1,9,1548,124,0,0,0,0,0,0,0,0,0,0,0,0,0,0,0,0,0,0,0,18,0,0,0,0,0,0,7,6,0,0,25,0,0,15,1,2,0,14,NA,NA
2021,"XIII",FALSE,"Посів або вирощування снотворного маку чи конопель ст. 310","310",0,0,0,0,0,56,3,0,0,0,0,0,0,0,0,0,0,0,0,0,0,0,0,0,0,0,0,0,0,0,0,0,0,0,0,0,0,0,0,0,0,0,0,0,0,NA,NA
2021,"XIII",FALSE,"Незаконне виробництво, виготовлення, придбання, зберігання, перевезення чи пересилання прекурсорів, ст. 311","311",1,1,0,0,0,130,12,0,0,0,0,0,0,0,0,0,0,0,0,0,0,0,0,0,1,0,1,0,0,0,0,0,1,0,0,0,0,0,0,0,0,0,0,0,0,NA,NA
2021,"XIII",FALSE,"Викрадення, привласнення, вимагання прекурсорів або заволодіння ними шляхом шахрайства або зловживання службовим становищем, ст. 312","312",0,0,0,0,0,0,0,0,0,0,0,0,0,0,0,0,0,0,0,0,0,0,0,0,0,0,0,0,0,0,0,0,0,0,0,0,0,0,0,0,0,0,0,0,0,NA,NA
2021,"XIII",FALSE,"Викрадення, привласнення, вимагання обладнання, призначеного для  виготовлення наркотичних засобів, психотропних речовин, або їх аналогів чи заволодіння ним шляхом шахрайства або зловживання службовим становищем та інші незаконні дії з таким обладнанням, ст. 313","313",1,1,0,0,0,67,5,0,0,0,0,0,0,0,0,0,0,0,0,0,0,0,0,0,0,0,1,0,0,0,0,0,1,0,0,0,0,0,0,0,0,0,0,0,0,NA,NA
2021,"XIII",FALSE,"Незаконне введення в організм наркотичних засобів,  психотропних речовин або їх аналогів, ст. 314","314",0,0,0,0,0,0,0,0,0,0,0,0,0,0,0,0,0,0,0,0,0,0,0,0,0,0,0,0,0,0,0,0,0,0,0,0,0,0,0,0,0,0,0,0,0,NA,NA
2021,"XIII",FALSE,"Схиляння до вживання наркотичних засобів,  психотропних речовин або їх аналогів, ст. 315","315",0,0,0,0,0,3,0,0,0,0,0,0,0,0,0,0,0,0,0,0,0,0,0,0,0,0,0,0,0,0,0,0,0,0,0,0,0,0,0,0,0,0,0,0,0,NA,NA
2021,"XIII",FALSE,"Незаконне публічне вживання наркотичних засобів, ст. 316","316",0,0,0,0,0,2,0,0,0,0,0,0,0,0,0,0,0,0,0,0,0,0,0,0,0,0,0,0,0,0,0,0,0,0,0,0,0,0,0,0,0,0,0,0,0,NA,NA
2021,"XIII",FALSE,"Організація або утримання місць для незаконного вживання, виробництва чи виготовлення наркотичних засобів, психотропних речовин або їх аналогів,  ст. 317","317",0,0,0,0,0,71,10,0,0,0,0,0,0,0,0,0,0,0,0,0,0,0,0,0,0,0,1,0,0,0,0,0,1,0,0,0,0,0,0,0,0,0,0,0,0,NA,NA
2021,"XIII",FALSE,"Незаконне виготовлення, підроблення, використання чи збут підроблених документів на отримання наркотичних засобів, психотропних речовин або прекурсорів, ст. 318","318",0,0,0,0,0,1,0,0,0,0,0,0,0,0,0,0,0,0,0,0,0,0,0,0,0,0,0,0,0,0,0,0,0,0,0,0,0,0,0,0,0,0,0,0,0,NA,NA
2021,"XIII",FALSE,"Незаконна видача рецепта на право придбання наркотичних засобів або психотропних речовин, ст. 319","319",0,0,0,0,0,1,0,0,0,0,0,0,0,0,0,0,0,0,0,0,0,0,0,0,0,0,0,0,0,0,0,0,0,0,0,0,0,0,0,0,0,0,0,0,0,NA,NA
2021,"XIII",FALSE,"Порушення встановлених правил обігу наркотичних засобів, психотропних речовин, їх аналогів  або прекурсорі, ст. 320","320",0,0,0,0,0,0,0,0,0,0,0,0,0,0,0,0,0,0,0,0,0,0,0,0,0,0,0,0,0,0,0,0,0,0,0,0,0,0,0,0,0,0,0,0,0,NA,NA
2021,"XIII",FALSE,"Незаконне виробництво, виготовлення, придбання, перевезення, пересилання, зберігання з метою збуту або збут отруйних чи сильнодіючих речовин або отруйних чи сильнодіючих лікарських засобів, ст. 321","321",0,0,0,0,0,36,14,0,0,0,0,0,0,0,0,0,0,0,0,0,0,0,0,0,0,0,0,0,0,0,0,0,0,0,0,0,0,0,0,0,0,0,0,0,0,NA,NA
2021,"XIII",FALSE,"Незаконна організація або утримання місць для вживання одурманюючих засобів, ст. 322","322",0,0,0,0,0,0,0,0,0,0,0,0,0,0,0,0,0,0,0,0,0,0,0,0,0,0,0,0,0,0,0,0,0,0,0,0,0,0,0,0,0,0,0,0,0,NA,NA
2021,"XIII",FALSE,"Спонукання неповнолітніх до застосування допінгу, ст. 323","323",0,0,0,0,0,0,0,0,0,0,0,0,0,0,0,0,0,0,0,0,0,0,0,0,0,0,0,0,0,0,0,0,0,0,0,0,0,0,0,0,0,0,0,0,0,NA,NA
2021,"XIII",FALSE,"Схиляння неповнолітніх до вживання одурманюючих засобів, ст. 324","324",0,0,0,0,0,0,0,0,0,0,0,0,0,0,0,0,0,0,0,0,0,0,0,0,0,0,0,0,0,0,0,0,0,0,0,0,0,0,0,0,0,0,0,0,0,NA,NA
2021,"XIV",TRUE,"Кримінальні правопорушення у сфері охорони державної таємниці, недоторканності державних кордонів, забезпечення призову та мобілізації (р. XІV Кримінального кодексу України )",NA,0,0,0,0,0,97,9,0,0,0,1,0,1,0,0,1,0,0,0,1,0,2,0,0,0,0,5,0,1,0,0,0,2,0,2,0,0,2,2,0,0,0,0,0,1,NA,NA
2021,"XIV",FALSE,"Незаконне переправлення осіб через державний кордон України, ст. 332","332",0,0,0,0,0,48,1,0,0,0,0,0,0,0,0,0,0,0,0,0,0,0,0,0,0,0,0,0,0,0,0,0,0,0,0,0,0,1,1,0,0,0,0,0,0,NA,NA
2021,"XIV",FALSE,"Порушення порядку в'їзду на тимчасово окуповану територію України та виїзду з неї, ст. 332-1","332-1",0,0,0,0,0,2,1,0,0,0,0,0,0,0,0,0,0,0,0,0,0,0,0,0,0,0,2,0,0,0,0,0,0,0,2,0,0,0,0,0,0,0,0,0,0,NA,NA
2021,"XIV",FALSE,"Незаконне перетинання державного кордону України, ст. 332-2","332-2",0,0,0,0,0,6,4,0,0,0,0,0,0,0,0,0,0,0,0,0,0,0,0,0,0,0,0,0,0,0,0,0,0,0,0,0,0,0,0,0,0,0,0,0,0,NA,NA
2021,"XIV",FALSE,"Ухилення від призову на строкову військову службу, військову службу за призовом осіб офіцерського складу, ст. 335*","335",0,0,0,0,0,26,1,0,0,0,0,0,0,0,0,0,0,0,0,0,0,0,0,0,0,0,0,0,0,0,0,0,0,0,0,0,0,0,0,0,0,0,0,0,0,NA,NA
2021,"XIV",FALSE,"Ухилення від проходження служби цивільного захисту в особливий період чи у разі проведення цільової мобілізації, ст. 336-1","336-1",0,0,0,0,0,0,0,0,0,0,0,0,0,0,0,0,0,0,0,0,0,0,0,0,0,0,0,0,0,0,0,0,0,0,0,0,0,0,0,0,0,0,0,0,0,NA,NA
2021,"XV",TRUE,"Кримінальні правопорушення проти авторитету органів державної влади, органів місцевого самоврядування,об'єднань громадян та кримінальні правопорушення проти журналістів (р. XV Кримінального кодексу України )",NA,14,5,1,2,6,705,88,1,1,1,2,1,1,0,0,2,0,0,2,0,1,0,3,0,3,7,56,3,12,1,1,1,9,0,1,1,1,9,5,1,1,0,2,0,15,NA,NA
2021,"XV",FALSE,"Захоплення державних або громадських будівель чи споруд, ст. 341","341",0,0,0,0,0,12,0,0,0,0,0,0,0,0,0,0,0,0,0,0,0,0,0,0,0,0,0,0,0,0,0,0,0,0,0,0,0,0,0,0,0,0,0,0,0,NA,NA
2021,"XV",FALSE,"Опір представникові влади, працівникові правоохоронного органу, державному виконавцю, приватному виконавцю, члену громадського формування з охорони громадського порядку і державного кордону або військовослужбовцеві, уповноваженій особі Фонду гарантування вкладів фізичних осіб, ст. 342","342",0,0,0,0,0,23,0,0,0,0,0,0,0,0,0,0,0,0,0,0,0,0,0,0,0,1,2,0,0,0,1,0,1,0,0,0,0,0,0,0,0,0,0,0,0,NA,NA
2021,"XV",FALSE,"Погроза або насильство щодо працівника правоохоронного органу, ст. 345","345",2,1,0,0,1,91,7,0,1,0,0,0,0,0,0,0,0,0,0,0,0,0,0,0,0,0,5,0,2,0,0,0,0,0,1,1,0,2,0,0,0,0,2,0,1,NA,NA
2021,"XV",FALSE,"Погроза або насильство щодо журналіста, ст. 345-1","345-1",0,0,0,0,0,0,0,0,0,0,0,0,0,0,0,0,0,0,0,0,0,0,0,0,0,0,0,0,0,0,0,0,0,0,0,0,0,0,0,0,0,0,0,0,0,NA,NA
2021,"XV",FALSE,"Умисне знищення або пошкодження майна працівника правоохоронного органу, працівника органу державної виконавчої служби чи приватного виконавця, ст. 347","347",0,0,0,0,0,8,0,0,0,0,0,0,0,0,0,0,0,0,0,0,0,0,0,0,0,0,0,0,0,0,0,0,0,0,0,0,0,0,0,0,0,0,0,0,0,NA,NA
2021,"XV",FALSE,"Умисне знищення або пошкодження майна журналіста, ст. 347-1","347-1",0,0,0,0,0,0,0,0,0,0,0,0,0,0,0,0,0,0,0,0,0,0,0,0,0,0,0,0,0,0,0,0,0,0,0,0,0,0,0,0,0,0,0,0,0,NA,NA
2021,"XV",FALSE,"Посягання на життя працівника правоохоронного органу, члена громадського формування з охорони громадського порядку і державного кордону або військовослужбовця, ст. 348","348",1,0,0,1,0,7,0,0,0,0,0,0,0,0,0,0,0,0,0,0,0,0,0,0,0,0,2,0,1,0,0,0,1,0,0,0,0,0,0,0,0,0,0,0,0,NA,NA
2021,"XV",FALSE,"Посягання на життя журналіста, ст. 348-1","348-1",0,0,0,0,0,0,0,0,0,0,0,0,0,0,0,0,0,0,0,0,0,0,0,0,0,0,0,0,0,0,0,0,0,0,0,0,0,0,0,0,0,0,0,0,0,NA,NA
2021,"XV",FALSE,"Захоплення представника влади або працівника правоохоронного органу як заручника, ст. 349","349",0,0,0,0,0,5,0,0,0,0,0,0,0,0,0,0,0,0,0,0,0,0,0,0,0,0,0,0,0,0,0,0,0,0,0,0,0,0,0,0,0,0,0,0,0,NA,NA
2021,"XV",FALSE,"Захоплення журналіста як заручника, ст. 349-1","349-1",0,0,0,0,0,0,0,0,0,0,0,0,0,0,0,0,0,0,0,0,0,0,0,0,0,0,0,0,0,0,0,0,0,0,0,0,0,0,0,0,0,0,0,0,0,NA,NA
2021,"XV",FALSE,"Примушування до виконання чи невиконання цивільно-правових забов’язань, ст. 355","355",0,0,0,0,0,16,1,0,0,0,0,0,0,0,0,0,0,0,0,0,0,0,0,0,0,0,0,0,0,0,0,0,0,0,0,0,0,0,0,0,0,0,0,0,0,NA,NA
2021,"XV",FALSE,"Викрадення, привласнення, вимагання документів, штампів, печаток, заволодіння ними шляхом шахрайства чи зловживання службовим становищем або їх пошкодження, ст. 357","357",6,4,1,1,0,179,12,0,0,0,0,0,0,0,0,0,0,0,0,0,0,0,0,0,0,0,2,1,1,0,0,0,0,0,0,0,0,1,1,0,0,0,0,0,0,NA,NA
2021,"XV",FALSE,"Підроблення документів, печаток, штампів та бланків, збут чи використання підроблених документів, печаток, штампів, ст. 358","358",5,0,0,0,5,343,63,1,0,0,2,1,1,0,0,2,0,0,2,0,1,0,0,0,3,6,19,0,1,1,0,1,6,0,0,0,1,7,5,1,1,0,0,0,14,NA,NA
2021,"XVI",TRUE,"Кримінальні правопорушення у сфері використання електронно-обчислювальних машин (комп'ютерів), систем та комп'ютерних мереж і мереж електрозв'язку  (р. XVI Кримінального кодексу України )",NA,4,2,1,0,1,73,13,0,0,1,10,0,2,7,1,2,0,0,0,2,0,0,0,0,1,7,21,1,9,0,0,5,0,0,0,4,3,2,1,0,1,1,0,0,1,NA,NA
2021,"XVI",FALSE,"Несанкціоноване втручання в роботу електронно-обчислювальних машин (комп'ютерів), автоматизованих систем, комп'ютерних мереж чи мереж електрозв'язку, ст. 361","361",1,0,1,0,0,45,10,0,0,0,1,0,0,1,0,0,0,0,0,0,0,0,0,0,0,0,2,1,1,0,0,0,0,0,0,0,1,2,1,0,1,1,0,0,1,NA,NA
2021,"XVI",FALSE,"Створення з метою використання, розповсюдження або збуту шкідливих програмних чи технічних засобів, а також їх розповсюдження або збут,  ст. 361-1","361-1",3,2,0,0,1,9,3,0,0,0,0,0,0,0,0,0,0,0,0,0,0,0,0,0,0,0,0,0,0,0,0,0,0,0,0,0,0,0,0,0,0,0,0,0,0,NA,NA
2021,"XVI",FALSE,"Несанкціоновані збут або розповсюдження інформації з обмеженим доступом, яка зберігається в електронно-обчислювальних машинах (комп'ютерах), автоматизованих системах, комп'ютерних мережах або на носіях такої інформації, ст. 361-2","361-2",0,0,0,0,0,13,1,0,0,1,4,0,1,3,0,0,0,0,0,0,0,0,0,0,0,0,14,0,7,0,0,5,0,0,0,1,0,0,0,0,0,0,0,0,0,NA,NA
2021,"XVI",FALSE,"Несанкціоновані дії з інформацією, яка оброблюється в електронно-обчислювальних машинах (комп’ютерах), автоматизованих системах, комп'ютерних мережах або зберігається на носіях такої інформації, вчинені особою, яка має право доступу до неї, ст. 362","362",0,0,0,0,0,13,2,0,0,0,8,0,2,5,1,2,0,0,0,2,0,0,0,0,1,7,16,0,7,0,0,4,0,0,0,4,2,0,0,0,0,0,0,0,0,NA,NA
2021,"XVII",TRUE,"Кримінальні правопорушення у сфері службової діяльності та професійної діяльності, пов'язаної з наданням публічних послуг (р. XVII Кримінального кодексу України )",NA,1,0,1,0,0,139,19,3,1,15,115,3,62,37,13,104,2,3,52,47,27,15,4,2,14,11,395,14,157,1,1,17,5,13,12,47,65,31,21,0,2,2,2,1,34,NA,NA
2021,"XVII",FALSE,"Зловживання владою або службовим становищем, ст. 364","364",0,0,0,0,0,1,1,0,0,5,25,0,13,9,3,15,0,2,5,8,7,0,0,1,1,0,21,0,2,0,0,1,0,0,0,12,10,5,5,0,0,0,0,0,4,NA,NA
2021,"XVII",FALSE,"Зловживання повноваженнями службовою особою юридичної особи приватного права незалежно від організаційно-правової форми, ст. 364-1","364-1",0,0,0,0,0,0,0,0,0,0,0,0,0,0,0,0,0,0,0,0,0,0,0,0,0,0,0,0,0,0,0,0,0,0,0,0,0,0,0,0,0,0,0,0,0,NA,NA
2021,"XVII",FALSE,"Перевищення влади або службових повноважень працівником правоохоронного органу, ст. 365","365",0,0,0,0,0,0,0,0,0,0,1,0,1,0,0,0,0,0,0,0,0,0,0,0,0,0,101,0,68,0,0,0,2,0,0,0,0,0,0,0,0,0,0,0,4,NA,NA
2021,"XVII",FALSE,"Зловживання повноваженями особами, які надають публічні послуги, ст. 365-2","365-2",0,0,0,0,0,1,0,0,0,0,2,0,0,2,0,5,0,0,0,5,1,0,0,0,0,8,0,0,0,0,0,0,0,0,0,0,2,0,0,0,0,0,0,0,0,NA,NA
2021,"XVII",FALSE,"Службове підроблення, ст. 366","366",0,0,0,0,0,15,2,0,0,8,29,0,14,7,8,33,0,0,17,16,6,4,0,2,3,0,99,3,26,1,0,1,2,1,2,5,16,11,9,0,0,0,1,0,7,NA,NA
2021,"XVII",FALSE,"Декларування недостовірної інформації, ст. 366-1","366-1",0,0,0,0,0,0,0,0,0,0,0,0,0,0,0,0,0,0,0,0,0,0,0,0,0,0,0,0,0,0,0,0,0,0,0,0,0,0,0,0,0,0,0,0,0,NA,NA
2021,"XVII",FALSE,"Службова недбалість, ст. 367","367",0,0,0,0,0,8,1,0,0,1,17,1,9,5,2,17,0,0,10,7,7,7,0,0,0,1,40,0,5,0,0,5,0,1,0,6,14,0,0,0,0,0,0,0,1,NA,NA
2021,"XVII",FALSE,"Прийняття пропозиції, обіцянки або одержання неправомірної вигоди службовою особою, ст. 368","368",0,0,0,0,0,7,6,1,1,5,38,2,23,11,2,35,2,1,21,11,7,2,3,0,2,0,132,9,54,0,0,4,1,11,3,25,18,5,2,0,1,1,1,1,10,NA,NA
2021,"XVII",FALSE,"Підкуп службової особи юридичної особи приватного права незалежно від організаційно-правової форми, ст. 368-3","368-3",0,0,0,0,0,1,0,0,0,0,0,0,0,0,0,0,0,0,0,0,0,0,0,0,0,0,0,0,0,0,0,0,0,0,0,0,0,0,0,0,0,0,0,0,0,NA,NA
2021,"XVII",FALSE,"Підкуп особи, яка надає публічні послуги, ст. 368-4","368-4",0,0,0,0,0,1,0,0,0,0,0,0,0,0,0,0,0,0,0,0,0,0,0,0,0,0,1,0,0,0,0,0,0,0,0,0,0,1,0,0,0,0,0,0,0,NA,NA
2021,"XVII",FALSE,"Незаконне збагачення, ст. 368-5","368-5",0,0,0,0,0,0,0,0,0,0,0,0,0,0,0,0,0,0,0,0,0,0,0,0,0,0,0,0,0,0,0,0,0,0,0,0,0,0,0,0,0,0,0,0,0,NA,NA
2021,"XVII",FALSE,"Пропозиція, обіцянка або надання неправомірної вигоди службовій особі,  ст. 369","369",1,0,1,0,0,96,7,2,0,0,6,0,4,2,0,1,0,0,1,0,1,0,1,0,7,0,19,3,3,0,0,1,0,0,3,0,5,3,2,0,0,0,0,0,0,NA,NA
2021,"XVII",FALSE,"Зловживання впливом, ст. 369-2","369-2",0,0,0,0,0,11,2,0,0,1,10,0,5,5,0,5,0,0,1,4,0,2,0,0,2,2,24,1,11,0,1,5,0,0,4,0,8,7,4,0,1,1,0,0,10,NA,NA
2021,"XVII",FALSE,"Протиправний вплив на результати офіційних спортивних змагань, ст. 369-3","369-3",0,0,0,0,0,0,0,0,0,0,0,0,0,0,0,0,0,0,0,0,0,0,0,0,0,0,0,0,0,0,0,0,0,0,0,0,0,0,0,0,0,0,0,0,0,NA,NA
2021,"XVII",FALSE,"Провокація підкупу, ст. 370","370",0,0,0,0,0,0,0,0,0,0,0,0,0,0,0,0,0,0,0,0,0,0,0,0,0,0,0,0,0,0,0,0,0,0,0,0,0,0,0,0,0,0,0,0,0,NA,NA
2021,"XVIII",TRUE,"Кримінальні правопорушення проти правосуддя (р. XVIII Кримінального кодексу України )",NA,2,2,0,0,0,201,14,0,0,0,2,0,1,1,0,0,0,0,0,0,0,0,1,2,3,0,45,3,22,0,0,7,1,0,0,0,0,5,1,0,3,0,0,0,3,NA,NA
2021,"XVIII",FALSE,"Постановлення суддею (суддями) завідомо неправосудного вироку, рішення, ухвали або постанови, ст. 375","375",0,0,0,0,0,0,0,0,0,0,0,0,0,0,0,0,0,0,0,0,0,0,0,0,0,0,0,0,0,0,0,0,0,0,0,0,0,0,0,0,0,0,0,0,0,NA,NA
2021,"XVIII",FALSE,"Погроза або насильство щодо судді, народного засідателя чи присяжного,  ст. 377","377",0,0,0,0,0,1,0,0,0,0,0,0,0,0,0,0,0,0,0,0,0,0,0,0,1,0,0,0,0,0,0,0,0,0,0,0,0,0,0,0,0,0,0,0,0,NA,NA
2021,"XVIII",FALSE,"Посягання на життя судді, народного засідателя чи присяжного у зв’язку з їх діяльністю, пов’язаною із здійсненням  правосуддя, ст. 379","379",0,0,0,0,0,0,0,0,0,0,0,0,0,0,0,0,0,0,0,0,0,0,0,0,0,0,0,0,0,0,0,0,0,0,0,0,0,0,0,0,0,0,0,0,0,NA,NA
2021,"XVIII",FALSE,"Невиконання судового рішення, ст. 382","382",0,0,0,0,0,11,1,0,0,0,1,0,1,0,0,0,0,0,0,0,0,0,0,0,0,0,9,0,3,0,0,6,0,0,0,0,0,0,0,0,0,0,0,0,0,NA,NA
2021,"XVIII",FALSE,"Умисне невиконання угоди про примирення або про визнання винуваності,  ст. 389-1*","389-1",0,0,0,0,0,0,0,0,0,0,0,0,0,0,0,0,0,0,0,0,0,0,0,0,0,0,0,0,0,0,0,0,0,0,0,0,0,0,0,0,0,0,0,0,0,NA,NA
2021,"XVIII",FALSE,"Дії, що дезорганізують роботу установ виконання покарань, ст. 392","392",0,0,0,0,0,1,0,0,0,0,0,0,0,0,0,0,0,0,0,0,0,0,0,0,0,0,0,0,0,0,0,0,0,0,0,0,0,0,0,0,0,0,0,0,0,NA,NA
2021,"XVIII",FALSE,"Втеча з місця позбавлення волі або з-під варти, ст. 393","393",0,0,0,0,0,1,0,0,0,0,0,0,0,0,0,0,0,0,0,0,0,0,0,0,0,0,0,0,0,0,0,0,0,0,0,0,0,0,0,0,0,0,0,0,0,NA,NA
2021,"XVIII",FALSE,"Порушення правил адміністративного нагляду, ст. 395*","395",0,0,0,0,0,42,4,0,0,0,0,0,0,0,0,0,0,0,0,0,0,0,0,0,0,0,0,0,0,0,0,0,0,0,0,0,0,0,0,0,0,0,0,0,0,NA,NA
2021,"XVIII",FALSE,"Погроза або насильство щодо захисника чи представника особи, ст. 398","398",0,0,0,0,0,3,0,0,0,0,0,0,0,0,0,0,0,0,0,0,0,0,0,0,1,0,0,0,0,0,0,0,0,0,0,0,0,0,0,0,0,0,0,0,0,NA,NA
2021,"XVIII",FALSE,"Посягання на життя захисника чи представника особи у зв’язку з діяльністю, пов’язаною з наданням правової допомоги, ст. 400","400",0,0,0,0,0,0,0,0,0,0,0,0,0,0,0,0,0,0,0,0,0,0,0,0,0,0,0,0,0,0,0,0,0,0,0,0,0,0,0,0,0,0,0,0,0,NA,NA
2021,"XIX",TRUE,"Кримінальні правопорушення проти встановленого порядку несення військової служби  (військові кримінальні правопорушення) (р. XIХ Кримінального кодексу України )",NA,1,0,0,0,1,10,2,0,0,0,0,0,0,0,0,0,0,0,0,0,0,0,0,0,0,0,30,0,0,0,0,0,5,0,5,0,0,1123,55,9,921,87,49,2,343,NA,NA
2021,"XIX",FALSE,"Опір начальникові або примушування його до порушення службових обов’язків, ст. 404","404",0,0,0,0,0,0,0,0,0,0,0,0,0,0,0,0,0,0,0,0,0,0,0,0,0,0,0,0,0,0,0,0,0,0,0,0,0,0,0,0,0,0,0,0,0,NA,NA
2021,"XIX",FALSE,"Погроза або насильство щодо начальника, ст. 405","405",0,0,0,0,0,0,0,0,0,0,0,0,0,0,0,0,0,0,0,0,0,0,0,0,0,0,0,0,0,0,0,0,0,0,0,0,0,6,0,0,4,1,0,0,1,NA,NA
2021,"XIX",FALSE,"Порушення статутних правил взаємовідносин між війсковослужбовцями за відсутності відносин підлеглості, ст. 406","406",0,0,0,0,0,0,0,0,0,0,0,0,0,0,0,0,0,0,0,0,0,0,0,0,0,0,1,0,0,0,0,0,0,0,0,0,0,19,0,0,10,1,6,0,5,NA,NA
2021,"XIX",FALSE,"Самовільне залишення військової частини або місця служби, ст. 407","407",1,0,0,0,1,9,1,0,0,0,0,0,0,0,0,0,0,0,0,0,0,0,0,0,0,0,18,0,0,0,0,0,1,0,3,0,0,864,18,8,755,62,28,1,253,NA,NA
2021,"XIX",FALSE,"Дезертирство, ст. 408","408",0,0,0,0,0,1,0,0,0,0,0,0,0,0,0,0,0,0,0,0,0,0,0,0,0,0,5,0,0,0,0,0,3,0,1,0,0,156,17,1,118,10,11,1,35,NA,NA
2021,"XIX",FALSE,"Ухилення від військової служби шляхом самокалічення або іншим способом, ст. 409","409",0,0,0,0,0,0,0,0,0,0,0,0,0,0,0,0,0,0,0,0,0,0,0,0,0,0,1,0,0,0,0,0,1,0,0,0,0,0,0,0,0,0,0,0,0,NA,NA
2021,"XIX",FALSE,"Викрадення, привласнення, вимагання військовослужбовцем зброї, бойових припасів, вибухових або інших бойових речовин, засобів пересування,  військової та спеціальної техніки чи іншого військового майна, а також заволодіння ними шляхом шахрайства або зловживання службовим становищем, ст. 410","410",0,0,0,0,0,0,0,0,0,0,0,0,0,0,0,0,0,0,0,0,0,0,0,0,0,0,2,0,0,0,0,0,0,0,0,0,0,26,8,0,10,4,3,0,14,NA,NA
2021,"XIX",FALSE,"Умисне знищення або пошкодження військового майна, ст. 411","411",0,0,0,0,0,0,0,0,0,0,0,0,0,0,0,0,0,0,0,0,0,0,0,0,0,0,0,0,0,0,0,0,0,0,0,0,0,0,0,0,0,0,0,0,0,NA,NA
2021,"XIX",FALSE,"Порушення правил поводження зі зброєю, а також із речовинами і предметами, що становлять підвищену небезпеку для оточення, ст. 414","414",0,0,0,0,0,0,1,0,0,0,0,0,0,0,0,0,0,0,0,0,0,0,0,0,0,0,0,0,0,0,0,0,0,0,0,0,0,9,1,0,7,1,0,0,9,NA,NA
2021,"XIX",FALSE,"Порушення правил водіння або експлуатації машин, ст. 415","415",0,0,0,0,0,0,0,0,0,0,0,0,0,0,0,0,0,0,0,0,0,0,0,0,0,0,0,0,0,0,0,0,0,0,0,0,0,17,0,0,12,2,0,0,9,NA,NA
2021,"XIX",FALSE,"Порушення правил польотів або підготовки до них, ст. 416","416",0,0,0,0,0,0,0,0,0,0,0,0,0,0,0,0,0,0,0,0,0,0,0,0,0,0,0,0,0,0,0,0,0,0,0,0,0,1,1,0,0,0,0,0,1,NA,NA
2021,"XIX",FALSE,"Порушення правил кораблеводіння, ст. 417","417",0,0,0,0,0,0,0,0,0,0,0,0,0,0,0,0,0,0,0,0,0,0,0,0,0,0,0,0,0,0,0,0,0,0,0,0,0,0,0,0,0,0,0,0,0,NA,NA
2021,"XIX",FALSE,"Порушення статутних правил вартової служби чи патрулювання, ст. 418","418",0,0,0,0,0,0,0,0,0,0,0,0,0,0,0,0,0,0,0,0,0,0,0,0,0,0,0,0,0,0,0,0,0,0,0,0,0,0,0,0,0,0,0,0,0,NA,NA
2021,"XIX",FALSE,"Порушення правил несення прикордонної служби, ст. 419","419",0,0,0,0,0,0,0,0,0,0,0,0,0,0,0,0,0,0,0,0,0,0,0,0,0,0,0,0,0,0,0,0,0,0,0,0,0,0,0,0,0,0,0,0,0,NA,NA
2021,"XIX",FALSE,"Порушення правил несення бойового чергування, ст. 420","420",0,0,0,0,0,0,0,0,0,0,0,0,0,0,0,0,0,0,0,0,0,0,0,0,0,0,0,0,0,0,0,0,0,0,0,0,0,0,0,0,0,0,0,0,0,NA,NA
2021,"XIX",FALSE,"Порушення статутних правил внутрішньої служби, ст. 421","421",0,0,0,0,0,0,0,0,0,0,0,0,0,0,0,0,0,0,0,0,0,0,0,0,0,0,0,0,0,0,0,0,0,0,0,0,0,1,1,0,0,0,0,0,1,NA,NA
2021,"XIX",FALSE,"Розголошення відомостей військового характеру, що становлять державну таємницю, або втрата документів чи матеріалів, що містять такі відомості,  ст. 422","422",0,0,0,0,0,0,0,0,0,0,0,0,0,0,0,0,0,0,0,0,0,0,0,0,0,0,0,0,0,0,0,0,0,0,0,0,0,0,0,0,0,0,0,0,0,NA,NA
2021,"XIX",FALSE,"Недбале ставлення до військової служби, ст. 425","425",0,0,0,0,0,0,0,0,0,0,0,0,0,0,0,0,0,0,0,0,0,0,0,0,0,0,2,0,0,0,0,0,0,0,1,0,0,10,6,0,1,1,0,0,6,NA,NA
2021,"XIX",FALSE,"Бездіяльність військової влади, ст. 426","426",0,0,0,0,0,0,0,0,0,0,0,0,0,0,0,0,0,0,0,0,0,0,0,0,0,0,0,0,0,0,0,0,0,0,0,0,0,0,0,0,0,0,0,0,0,NA,NA
2021,"XIX",FALSE,"Перевищення військовою службовою особою влади чи службових повноважень, ст. 426-1","426-1",0,0,0,0,0,0,0,0,0,0,0,0,0,0,0,0,0,0,0,0,0,0,0,0,0,0,0,0,0,0,0,0,0,0,0,0,0,4,0,0,1,1,1,0,1,NA,NA
2021,"XX",TRUE,"Кримінальні правопорушення проти миру, безпеки людства та міжнародного правопорядку (р. XX Кримінального кодексу України )",NA,0,0,0,0,0,23,3,0,0,0,0,0,0,0,0,0,0,0,0,0,0,0,0,0,0,0,0,0,0,0,0,0,0,0,0,0,0,3,0,0,0,0,0,0,0,NA,NA
2021,"XX",FALSE,"Виготовлення, поширення комуністичної, нацистської символіки та пропаганда комуністичного та націонал-соціалістичного (нацистського) тоталітарних режимів, ст. 436-1","436-1",0,0,0,0,0,1,1,0,0,0,0,0,0,0,0,0,0,0,0,0,0,0,0,0,0,0,0,0,0,0,0,0,0,0,0,0,0,0,0,0,0,0,0,0,0,NA,NA
